,loc,name,rep,yield,mkt
1,BA,B13,1,2625.99433215152,BB
2,BA,B13,2,2874.40883165149,BB
3,BA,B13,3,2390.61934115149,BB
4,BA,B13,4,2999.62907137052,BB
5,BA,B14,1,2850.55089666849,BB
6,BA,B14,2,3235.36264366849,BB
7,BA,B14,3,3466.99781716849,BB
8,BA,B14,4,3445.37363066849,BB
9,BA,B19,1,2385.27217456084,BB
10,BA,B19,2,3178.37884156084,BB
11,BA,B19,3,2742.26805656084,BB
12,BA,B19,4,2540.41794615172,BB
13,BA,B20,1,2695.06732056084,BB
14,BA,B20,2,2895.81012806084,BB
15,BA,B20,3,2263.12627956084,BB
16,BA,B20,4,1894.07557294348,BB
17,BA,B21,1,4324.52604466849,BB
18,BA,B21,2,3320.19922266849,BB
19,BA,B21,3,2919.13256066849,BB
20,BA,B21,4,3067.63335016849,BB
21,BA,B22,1,3081.87537959652,BB
22,BA,B22,2,3221.67369259652,BB
23,BA,B22,3,2862.20265559652,BB
24,BA,B22,4,2739.68099709652,BB
25,BA,B25,1,3434.07819816849,BB
26,BA,B25,2,4049.91569066849,BB
27,BA,B25,3,3886.95674716849,BB
28,BA,B25,4,3467.50416861445,BB
29,BA,B26,1,3880.82043766848,BB
30,BA,B26,2,4191.83886066848,BB
31,BA,B26,3,3828.73535916848,BB
32,BA,B26,4,2059.40829066848,BB
33,BA,B4,1,2414.13574006084,BB
34,BA,B4,2,2848.24216206084,BB
35,BA,B4,3,2114.19336106084,BB
36,BA,B4,4,2071.82834246465,BB
37,BA,B51,1,3405.27791027071,BB
38,BA,B51,2,3931.65815477071,BB
39,BA,B51,3,2878.89766577071,BB
40,BA,B51,4,2625.99433215152,BB
41,BA,B52,1,3383.42036027071,BB
42,BA,B52,2,3916.40046377071,BB
43,BA,B52,3,2850.44025677071,BB
44,BA,B52,4,2625.99433215152,BB
45,BA,B53,1,3367.7277602707,BB
46,BA,B53,2,3890.5188827707,BB
47,BA,B53,3,2844.9366377707,BB
48,BA,B53,4,2625.99433215152,BB
49,BA,N12,1,2504.54083389341,NB
50,BA,N12,2,2641.73482539344,NB
51,BA,N12,3,2862.08010039344,NB
52,BA,N12,4,1323.14370097973,NB
53,BA,N13,1,2450.8000578935,NB
54,BA,N13,2,2672.7112813935,NB
55,BA,N13,3,2619.4072413935,NB
56,BA,N13,4,2518.01307889487,NB
57,BA,N14,1,2186.17029650461,NB
58,BA,N14,2,2608.98381650461,NB
59,BA,N14,3,1727.98934250461,NB
60,BA,N14,4,3115.58362250461,NB
61,BA,N18,1,2530.13070792059,NB
62,BA,N18,2,2070.75224292059,NB
63,BA,N18,3,2684.91245642059,NB
64,BA,N18,4,1639.41084292059,NB
65,BA,N26,1,2351.93448235376,NB
66,BA,N26,2,2952.24368635376,NB
67,BA,N26,3,1751.62527835376,NB
68,BA,N26,4,2504.54083389341,NB
69,BA,N31,1,2429.38900837915,NB
70,BA,N31,2,2917.72030237915,NB
71,BA,N31,3,1941.05771437915,NB
72,BA,N31,4,2504.54083389341,NB
73,BA,N36,1,3402.80562125254,NB
74,BA,N36,2,3484.46897225254,NB
75,BA,N36,3,3108.98777825254,NB
76,BA,N36,4,2908.87474225254,NB
77,BA,N37,1,3609.38317183655,NB
78,BA,N37,2,3812.13774733655,NB
79,BA,N37,3,2886.74997783655,NB
80,BA,N37,4,3066.25318633655,NB
81,BA,N38,1,2303.74402433656,NB
82,BA,N38,2,3650.41642433656,NB
83,BA,N38,3,2602.21959033656,NB
84,BA,N38,4,2909.41742883656,NB
85,BA,N39,1,2185.44168775254,NB
86,BA,N39,2,2660.70095375254,NB
87,BA,N39,3,3667.45497975254,NB
88,BA,N39,4,2465.56841575254,NB
89,BA,N41,1,2899.75433675254,NB
90,BA,N41,2,3194.76476775254,NB
91,BA,N41,3,3144.97555175254,NB
92,BA,N41,4,2808.37166075254,NB
93,BA,N52,1,2247.69078235376,NB
94,BA,N52,2,2827.48639535376,NB
95,BA,N52,3,1667.89516915376,NB
96,BA,N52,4,2504.54083389341,NB
97,BA,N53,1,2097.49018235376,NB
98,BA,N53,2,2626.58524685376,NB
99,BA,N53,3,1568.39511835376,NB
100,BA,N53,4,2504.54083389341,NB
101,BA,N58,1,2289.9090568935,NB
102,BA,N58,2,2916.3454613935,NB
103,BA,N58,3,1860.1132098935,NB
104,BA,N58,4,2716.79161297404,NB
105,BA,N64,1,2889.35203175254,NB
106,BA,N64,2,3276.51743125254,NB
107,BA,N64,3,3058.32644975254,NB
108,BA,N64,4,3101.05470675254,NB
109,BA,N65,1,2781.61615883656,NB
110,BA,N65,2,3625.68722833656,NB
111,BA,N65,3,3118.02561483656,NB
112,BA,N65,4,2572.61205483656,NB
113,BA,N8,1,2582.83988235376,NB
114,BA,N8,2,3228.88628985376,NB
115,BA,N8,3,1936.79347485376,NB
116,BA,N8,4,2504.54083389341,NB
117,BA,N9,1,2618.26065837915,NB
118,BA,N9,2,3131.22092787915,NB
119,BA,N9,3,2105.30038937915,NB
120,BA,N9,4,2504.54083389341,NB
121,BA,R10,1,2296.49278800012,SR
122,BA,R10,2,2676.33454450009,SR
123,BA,R10,3,3439.75343050009,SR
124,BA,R10,4,2579.66140300009,SR
125,BA,R12,1,3000.8286815,SR
126,BA,R12,2,2715.9210955,SR
127,BA,R12,3,3320.5944975,SR
128,BA,R12,4,2757.645898,SR
129,BA,R13,1,3015.391909,SR
130,BA,R13,2,3338.877337,SR
131,BA,R13,3,3169.2094325,SR
132,BA,R13,4,2948.1079065,SR
133,BA,R18,1,2713.13821960801,SR
134,BA,R18,2,3066.01267160801,SR
135,BA,R18,3,2360.26376760801,SR
136,BA,R18,4,2296.49278800012,SR
137,BA,R4,1,2841.48114959295,SR
138,BA,R4,2,3174.98701059295,SR
139,BA,R4,3,2507.97528859295,SR
140,BA,R4,4,2296.49278800012,SR
141,BA,R7,1,1536.15627180706,SR
142,BA,R7,2,1612.67432075706,SR
143,BA,R7,3,1325.50395040706,SR
144,BA,R7,4,2953.34961547695,SR
145,BA,B10,1,3433.44741403103,BB
146,BA,B10,2,3170.38673303091,BB
147,BA,B10,3,2965.90976803091,BB
148,BA,B10,4,2965.88952403091,BB
149,BA,B17,1,2756.22921453259,BB
150,BA,B17,2,3238.16679153259,BB
151,BA,B17,3,2616.19669119926,BB
152,BA,B17,4,1803.70132837632,BB
153,BA,B23,1,3633.93195496917,BB
154,BA,B23,2,4158.80889796917,BB
155,BA,B23,3,3586.31859463583,BB
156,BA,B23,4,3412.2726143025,BB
157,BA,B3,1,2738.93022236422,BB
158,BA,B3,2,2586.10836869755,BB
159,BA,B3,3,2837.71174703089,BB
160,BA,B3,4,2354.89544869755,BB
161,BA,B41,1,2160.91796736422,BB
162,BA,B41,2,2146.33674003088,BB
163,BA,B41,3,2218.80544803089,BB
164,BA,B41,4,2050.20003303088,BB
165,BA,B44,1,2131.91825803088,BB
166,BA,B44,2,2266.26211569755,BB
167,BA,B44,3,2573.53804403088,BB
168,BA,B44,4,2166.74386903088,BB
169,BA,B45,1,2522.37496663583,BB
170,BA,B45,2,2727.51995163583,BB
171,BA,B45,3,2316.91051296916,BB
172,BA,B45,4,2344.99613963583,BB
173,BA,B61,1,3082.97688596916,BB
174,BA,B61,2,3303.32925463583,BB
175,BA,B61,3,3021.1362773025,BB
176,BA,B61,4,3197.50794296916,BB
177,BA,B63,1,3312.61434496916,BB
178,BA,B63,2,2854.72768496916,BB
179,BA,B63,3,3509.2943083025,BB
180,BA,B63,4,2845.0387853025,BB
181,BA,B66,1,2851.83611463583,BB
182,BA,B66,2,3138.04289796917,BB
183,BA,B66,3,3447.6551993025,BB
184,BA,B66,4,2903.42807324031,BB
185,BA,B68,1,3223.54807663583,BB
186,BA,B68,2,3830.1237913025,BB
187,BA,B68,3,3516.85967563583,BB
188,BA,B68,4,3783.11386296916,BB
189,BA,N10,1,2618.88197103256,NB
190,BA,N10,2,2841.58915736585,NB
191,BA,N10,3,2269.69750236585,NB
192,BA,N10,4,1925.16927732063,NB
193,BA,N21,1,2595.65646136585,NB
194,BA,N21,2,3086.02920936585,NB
195,BA,N21,3,2305.49276969918,NB
196,BA,N21,4,2731.56698425906,NB
197,BA,N25,1,2713.76200719935,NB
198,BA,N25,2,1728.21687016602,NB
199,BA,N25,3,2783.19292686602,NB
200,BA,N25,4,1820.53182953269,NB
201,BA,N33,1,3268.75572880067,NB
202,BA,N33,2,3210.545770134,NB
203,BA,N33,3,3237.252077134,NB
204,BA,N33,4,2066.99933746734,NB
205,BA,N48,1,2850.69987319935,NB
206,BA,N48,2,2485.32687953269,NB
207,BA,N48,3,2087.78539686602,NB
208,BA,N48,4,2331.03475653269,NB
209,BA,N49,1,2594.82144186602,NB
210,BA,N49,2,2505.84594586602,NB
211,BA,N49,3,2862.99977072717,NB
212,BA,N49,4,2461.55448553269,NB
213,BA,N50,1,2712.13137386602,NB
214,BA,N50,2,2410.97468653269,NB
215,BA,N50,3,1901.91027356602,NB
216,BA,N50,4,2755.99175686602,NB
217,BA,N63,1,2575.78098053269,NB
218,BA,N63,2,2033.31240186602,NB
219,BA,N63,3,2325.61690986602,NB
220,BA,N63,4,1849.92728886602,NB
221,BA,N67,1,2068.91844400847,NB
222,BA,N67,2,2489.71542900847,NB
223,BA,N67,3,2077.94331600847,NB
224,BA,N67,4,2045.54363435663,NB
225,BA,R19,1,2200.76313966666,SR
226,BA,R19,2,2407.89279233333,SR
227,BA,R19,3,2162.12857566666,SR
228,BA,R19,4,3030.61382672817,SR
229,BA,R9,1,1869.26052966666,SR
230,BA,R9,2,1802.90934433333,SR
231,BA,R9,3,2194.92656233333,SR
232,BA,R9,4,2325.1922799325,SR
233,BA,B1,1,2350.41635352997,BB
234,BA,B1,2,3147.68747202998,BB
235,BA,B1,3,2347.96017052998,BB
236,BA,B1,4,1753.27662989899,BB
237,BA,B35,1,2799.72758178557,BB
238,BA,B35,2,3078.89810478557,BB
239,BA,B35,3,2969.3803841189,BB
240,BA,B35,4,2177.9419901189,BB
241,BA,B58,1,2953.29800865746,BB
242,BA,B58,2,3283.67652390746,BB
243,BA,B58,3,2608.73557015746,BB
244,BA,B58,4,1674.01065286001,BB
245,BA,N15,1,2368.29496526898,NB
246,BA,N15,2,2104.11108460231,NB
247,BA,N15,3,2301.85336326898,NB
248,BA,N15,4,1526.25801993565,NB
249,BA,N16,1,2433.12946126898,NB
250,BA,N16,2,2014.63241526898,NB
251,BA,N16,3,2060.68305360231,NB
252,BA,N16,4,2735.93548095389,NB
253,BA,N17,1,2726.03869093565,NB
254,BA,N17,2,2486.93013726898,NB
255,BA,N17,3,2612.60790693565,NB
256,BA,N17,4,2329.22781826898,NB
257,BA,N3,1,2780.62041936252,NB
258,BA,N3,2,3095.86860086252,NB
259,BA,N3,3,2548.25207761252,NB
260,BA,N3,4,2303.77103867365,NB
261,BA,N57,1,2791.26697088492,NB
262,BA,N57,2,2944.51048588492,NB
263,BA,N57,3,2370.35847938492,NB
264,BA,N57,4,2409.51179392135,NB
265,BA,N68,1,2452.83162086412,NB
266,BA,N68,2,2943.49245611412,NB
267,BA,N68,3,2171.68431961412,NB
268,BA,N68,4,2086.41772753201,NB
269,BA,R1,1,3093.00774299232,SR
270,BA,R1,2,2835.47901949229,SR
271,BA,R1,3,2656.00453874229,SR
272,BA,R1,4,2868.74002749229,SR
273,BA,R3,1,2610.33725963662,SR
274,BA,R3,2,2103.92553618662,SR
275,BA,R3,3,2689.25883688662,SR
276,BA,R3,4,2219.88521099092,SR
277,BA,R5,1,2392.25430738662,SR
278,BA,R5,2,2658.04007463662,SR
279,BA,R5,3,2494.95337588662,SR
280,BA,R5,4,2407.03995661881,SR
281,BA,R8,1,2039.33275963662,SR
282,BA,R8,2,2336.66251863662,SR
283,BA,R8,3,2380.45903588662,SR
284,BA,R8,4,2390.52863776441,SR
285,BA,B2,1,3471.69508403526,BB
286,BA,B2,2,3436.62706863526,BB
287,BA,B2,3,2820.44692583526,BB
288,BA,B2,4,3099.94975252392,BB
289,BA,B43,1,2686.58262374329,BB
290,BA,B43,2,2504.67367907662,BB
291,BA,B43,3,2431.30503874329,BB
292,BA,B43,4,1580.10344647831,BB
293,BA,B59,1,2633.03799383526,BB
294,BA,B59,2,3042.40464283526,BB
295,BA,B59,3,2978.13488243526,BB
296,BA,B59,4,2213.41642976597,BB
297,BA,N22,1,2986.81228445809,NB
298,BA,N22,2,3557.07319365812,NB
299,BA,N22,3,2546.97983785811,NB
300,BA,N22,4,2921.85742022156,NB
301,BA,N54,1,2985.9444808746,NB
302,BA,N54,2,2739.6994484746,NB
303,BA,N54,3,2594.1805144746,NB
304,BA,N54,4,2390.8380198746,NB
305,BA,N66,1,3026.64399344012,NB
306,BA,N66,2,3269.57744194012,NB
307,BA,N66,3,2807.17436444012,NB
308,BA,N66,4,2897.38433610101,NB
309,BA,N69,1,2784.75933125812,NB
310,BA,N69,2,3376.55232025812,NB
311,BA,N69,3,2766.56491045813,NB
312,BA,N69,4,3038.57342173543,NB
313,BA,N70,1,2469.67664754258,NB
314,BA,N70,2,2623.94450814258,NB
315,BA,N70,3,2312.78882034258,NB
316,BA,N70,4,2355.68447591615,NB
317,BA,R15,1,2948.76983529411,SR
318,BA,R15,2,2805.17422804411,SR
319,BA,R15,3,3008.12354179411,SR
320,BA,R15,4,2733.06428479411,SR
321,BA,R2,1,2988.81189958232,SR
322,BA,R2,2,2909.12757358232,SR
323,BA,R2,3,2971.85806298232,SR
324,BA,R2,4,2950.61083998232,SR
325,BA,B39,1,2713.63343650023,BB
326,BA,B39,2,2790.90778566684,BB
327,BA,B39,3,3081.95246500017,BB
328,BA,B39,4,2524.41115100017,BB
329,BA,B40,1,3062.19746283348,BB
330,BA,B40,2,3254.85101650015,BB
331,BA,B40,3,3192.53065483348,BB
332,BA,B40,4,3000.05714983348,BB
333,BA,B42,1,2765.74764766682,BB
334,BA,B42,2,2885.70009116682,BB
335,BA,B42,3,2717.67257253348,BB
336,BA,B42,4,2669.42081150015,BB
337,BA,B46,1,3398.17548750015,BB
338,BA,B46,2,3364.77166416682,BB
339,BA,B46,3,3260.41887433348,BB
340,BA,B46,4,3294.60810350015,BB
341,BA,B70,1,2747.04542083348,BB
342,BA,B70,2,3190.07905516682,BB
343,BA,B70,3,3225.92804766682,BB
344,BA,B70,4,2888.30636400015,BB
345,BA,B71,1,2884.68265083348,BB
346,BA,B71,2,2775.62228700015,BB
347,BA,B71,3,2815.34511466682,BB
348,BA,B71,4,2843.08821600015,BB
349,BA,B72,1,2584.46171816682,BB
350,BA,B72,2,2755.33551483348,BB
351,BA,B72,3,2577.17339400015,BB
352,BA,B72,4,2713.92278507765,BB
353,BA,N23,1,2740.39543316613,NB
354,BA,N23,2,2869.89943883306,NB
355,BA,N23,3,2847.09343516639,NB
356,BA,N23,4,2931.24775449973,NB
357,BA,N24,1,2501.55879799975,NB
358,BA,N24,2,2752.34997816641,NB
359,BA,N24,3,2370.07399666641,NB
360,BA,N24,4,2819.12890216641,NB
361,BA,N4,1,3362.72264816641,NB
362,BA,N4,2,2668.05229616641,NB
363,BA,N4,3,2944.35139133308,NB
364,BA,N4,4,2560.90938249975,NB
365,BA,N44,1,2864.15997033308,NB
366,BA,N44,2,2586.20394966641,NB
367,BA,N44,3,2758.89220699975,NB
368,BA,N44,4,2808.17728199975,NB
369,BA,N47,1,3269.34403516641,NB
370,BA,N47,2,3197.72450783308,NB
371,BA,N47,3,2304.07184549975,NB
372,BA,N47,4,2677.85206983308,NB
373,BA,N5,1,2689.20004616641,NB
374,BA,N5,2,2791.33545149975,NB
375,BA,N5,3,2947.86598033308,NB
376,BA,N5,4,2559.08912599975,NB
377,BA,N6,1,2981.96367583308,NB
378,BA,N6,2,2929.75400749975,NB
379,BA,N6,3,3141.57226433308,NB
380,BA,N6,4,2814.92144633308,NB
381,BA,N60,1,2763.82240233308,NB
382,BA,N60,2,2987.37440279975,NB
383,BA,N60,3,3055.96090899975,NB
384,BA,N60,4,2849.56092533308,NB
385,BA,N7,1,2650.88656949975,NB
386,BA,N7,2,3115.86756883308,NB
387,BA,N7,3,3302.68835249975,NB
388,BA,N7,4,2962.48005049975,NB
389,BA,R16,1,2657.00982083331,SR
390,BA,R16,2,2513.52391966665,SR
391,BA,R16,3,2845.25110966665,SR
392,BA,R16,4,2659.12003716665,SR
393,BA,R21,1,2889.65763199999,SR
394,BA,R21,2,2849.39295533332,SR
395,BA,R21,3,3079.60232616665,SR
396,BA,R21,4,3097.80554733332,SR
397,HU,B13,1,3954.21251280431,BB
398,HU,B13,2,4032.0416108044,BB
399,HU,B13,3,3603.0717358044,BB
400,HU,B13,4,805.922224655399,BB
401,HU,B14,1,3527.27642182003,BB
402,HU,B14,2,3521.23467932003,BB
403,HU,B14,3,4079.31310782003,BB
404,HU,B14,4,3053.41463682003,BB
405,HU,B19,1,3423.66764856176,BB
406,HU,B19,2,3639.56061106176,BB
407,HU,B19,3,2743.17519656176,BB
408,HU,B19,4,3786.44452204819,BB
409,HU,B20,1,2446.53714856176,BB
410,HU,B20,2,3648.36352256176,BB
411,HU,B20,3,2732.26271506176,BB
412,HU,B20,4,4701.47272974754,BB
413,HU,B21,1,3576.05167582003,BB
414,HU,B21,2,4047.17628882003,BB
415,HU,B21,3,3823.31657582003,BB
416,HU,B21,4,3446.60076482003,BB
417,HU,B22,1,3599.43377559875,BB
418,HU,B22,2,3205.37411909875,BB
419,HU,B22,3,3512.35077609875,BB
420,HU,B22,4,3148.08146059875,BB
421,HU,B25,1,3485.70922982003,BB
422,HU,B25,2,3513.37515932003,BB
423,HU,B25,3,3738.67438282003,BB
424,HU,B25,4,3578.79410232003,BB
425,HU,B26,1,4108.02977532003,BB
426,HU,B26,2,4076.38680282003,BB
427,HU,B26,3,4078.59860632003,BB
428,HU,B26,4,3122.64775832003,BB
429,HU,B4,1,2619.10690856176,BB
430,HU,B4,2,3147.76645406176,BB
431,HU,B4,3,2796.57547306176,BB
432,HU,B4,4,2450.34129215241,BB
433,HU,B51,1,4013.48809811809,BB
434,HU,B51,2,4524.36405361809,BB
435,HU,B51,3,3502.61214261809,BB
436,HU,B51,4,3954.21251280431,BB
437,HU,B52,1,3975.37749811809,BB
438,HU,B52,2,4476.90795011809,BB
439,HU,B52,3,3473.84704611809,BB
440,HU,B52,4,3954.21251280431,BB
441,HU,B53,1,4162.56779811809,BB
442,HU,B53,2,4694.61923661809,BB
443,HU,B53,3,3630.51636011809,BB
444,HU,B53,4,3954.21251280431,BB
445,HU,N12,1,3019.66399291433,NB
446,HU,N12,2,2778.38961991445,NB
447,HU,N12,3,3143.28507991445,NB
448,HU,N12,4,2263.39405971785,NB
449,HU,N13,1,2789.89169841449,NB
450,HU,N13,2,4155.60362691449,NB
451,HU,N13,3,2461.73766291449,NB
452,HU,N13,4,2794.7694946244,NB
453,HU,N14,1,2979.32990491449,NB
454,HU,N14,2,3465.77933041449,NB
455,HU,N14,3,3373.57724791449,NB
456,HU,N14,4,3211.91209821363,NB
457,HU,N18,1,3674.42007325533,NB
458,HU,N18,2,2797.97172675533,NB
459,HU,N18,3,3081.29056625533,NB
460,HU,N18,4,2246.38307425533,NB
461,HU,N26,1,3320.78171539974,NB
462,HU,N26,2,3761.19117189974,NB
463,HU,N26,3,2880.37225889974,NB
464,HU,N26,4,3019.66399291433,NB
465,HU,N31,1,2739.39187873816,NB
466,HU,N31,2,3130.96820573817,NB
467,HU,N31,3,2347.81555173816,NB
468,HU,N31,4,3019.66399291433,NB
469,HU,N36,1,3359.49013318572,NB
470,HU,N36,2,2452.26431011095,NB
471,HU,N36,3,3202.52564968572,NB
472,HU,N36,4,3327.50041718572,NB
473,HU,N37,1,3085.67732915249,NB
474,HU,N37,2,2618.55482809203,NB
475,HU,N37,3,3382.67966515249,NB
476,HU,N37,4,3010.44279965249,NB
477,HU,N38,1,2229.55167365249,NB
478,HU,N38,2,1849.52657315249,NB
479,HU,N38,3,2314.11479515249,NB
480,HU,N38,4,2373.55001421624,NB
481,HU,N39,1,3207.39056618572,NB
482,HU,N39,2,3137.96327533545,NB
483,HU,N39,3,3060.80212018572,NB
484,HU,N39,4,3311.09839868572,NB
485,HU,N41,1,3269.84642818572,NB
486,HU,N41,2,2309.68212118572,NB
487,HU,N41,3,3489.39811568572,NB
488,HU,N41,4,2842.34320018572,NB
489,HU,N52,1,3402.04696539974,NB
490,HU,N52,2,3858.26335339974,NB
491,HU,N52,3,2945.83057739974,NB
492,HU,N52,4,3019.66399291433,NB
493,HU,N53,1,3849.28606539974,NB
494,HU,N53,2,4369.31136739974,NB
495,HU,N53,3,3329.26076339974,NB
496,HU,N53,4,3019.66399291433,NB
497,HU,N58,1,2157.28832891449,NB
498,HU,N58,2,3513.32638841449,NB
499,HU,N58,3,3185.46791091449,NB
500,HU,N58,4,3539.05664509156,NB
501,HU,N64,1,3304.45248118572,NB
502,HU,N64,2,3048.92878118572,NB
503,HU,N64,3,3410.44566868572,NB
504,HU,N64,4,3080.62954418572,NB
505,HU,N65,1,3067.41498315249,NB
506,HU,N65,2,3524.11589815249,NB
507,HU,N65,3,3103.25083215249,NB
508,HU,N65,4,3156.92933015249,NB
509,HU,N8,1,3370.10131539974,NB
510,HU,N8,2,3819.85067089974,NB
511,HU,N8,3,2920.35195989974,NB
512,HU,N8,4,3019.66399291433,NB
513,HU,N9,1,2896.87832873817,NB
514,HU,N9,2,3321.98693973816,NB
515,HU,N9,3,2471.76971773816,NB
516,HU,N9,4,3019.66399291433,NB
517,HU,R10,1,3325.65905400009,SR
518,HU,R10,2,3885.64982600007,SR
519,HU,R10,3,3250.39469750007,SR
520,HU,R10,4,3249.98490950007,SR
521,HU,R12,1,2953.23550750005,SR
522,HU,R12,2,3614.43860950005,SR
523,HU,R12,3,3230.27832000005,SR
524,HU,R12,4,2839.47211300005,SR
525,HU,R13,1,3654.93930250005,SR
526,HU,R13,2,3839.77986250005,SR
527,HU,R13,3,3546.36655350005,SR
528,HU,R13,4,2970.14188050005,SR
529,HU,R18,1,3994.2866806826,SR
530,HU,R18,2,4701.7169351826,SR
531,HU,R18,3,3286.8564261826,SR
532,HU,R18,4,3325.65905400009,SR
533,HU,R4,1,2722.37691093281,SR
534,HU,R4,2,3131.58107193281,SR
535,HU,R4,3,2313.17275043281,SR
536,HU,R4,4,3325.65905400009,SR
537,HU,R7,1,3263.96809406719,SR
538,HU,R7,2,3290.34040856719,SR
539,HU,R7,3,2307.33101506719,SR
540,HU,R7,4,4093.98314290857,SR
541,HU,B10,1,4419.670112963,BB
542,HU,B10,2,3920.84082096336,BB
543,HU,B10,3,3788.72062663002,BB
544,HU,B10,4,3578.15855763002,BB
545,HU,B17,1,3929.62421279441,BB
546,HU,B17,2,4282.72803612774,BB
547,HU,B17,3,3674.10434312774,BB
548,HU,B17,4,4098.84426873271,BB
549,HU,B23,1,3377.58591303596,BB
550,HU,B23,2,3514.96769436929,BB
551,HU,B23,3,4406.51387903596,BB
552,HU,B23,4,3290.54375936929,BB
553,HU,B3,1,3569.80374529678,BB
554,HU,B3,2,3866.98030629678,BB
555,HU,B3,3,3150.68534863012,BB
556,HU,B3,4,3280.68945129678,BB
557,HU,B41,1,3270.24395096345,BB
558,HU,B41,2,2955.01173896345,BB
559,HU,B41,3,3093.50601063012,BB
560,HU,B41,4,3075.79014096345,BB
561,HU,B44,1,3419.70530263012,BB
562,HU,B44,2,3352.61514396345,BB
563,HU,B44,3,3401.72348263012,BB
564,HU,B44,4,3657.32326196345,BB
565,HU,B45,1,2724.08551636929,BB
566,HU,B45,2,2492.00697970262,BB
567,HU,B45,3,3123.28936403596,BB
568,HU,B45,4,2336.82914736929,BB
569,HU,B61,1,3430.51153336929,BB
570,HU,B61,2,3482.89983303596,BB
571,HU,B61,3,3612.72212503596,BB
572,HU,B61,4,3450.54051570262,BB
573,HU,B63,1,3344.66270536929,BB
574,HU,B63,2,3679.53918703596,BB
575,HU,B63,3,3707.63490870262,BB
576,HU,B63,4,2986.10305870262,BB
577,HU,B66,1,3836.13105436929,BB
578,HU,B66,2,3408.05030103595,BB
579,HU,B66,3,4029.00712036929,BB
580,HU,B66,4,3073.68812203595,BB
581,HU,B68,1,3337.05905203595,BB
582,HU,B68,2,3775.48364803595,BB
583,HU,B68,3,4338.64073070262,BB
584,HU,B68,4,3914.89052636929,BB
585,HU,N10,1,3173.56138687379,NB
586,HU,N10,2,3395.3602265404,NB
587,HU,N10,3,2513.4524545404,NB
588,HU,N10,4,3671.40135626602,NB
589,HU,N21,1,3000.20689687371,NB
590,HU,N21,2,3398.43961454038,NB
591,HU,N21,3,2988.21356320705,NB
592,HU,N21,4,3902.53154197836,NB
593,HU,N25,1,3191.4439482835,NB
594,HU,N25,2,2941.46524961683,NB
595,HU,N25,3,3688.22661228349,NB
596,HU,N25,4,3520.08839661683,NB
597,HU,N33,1,2581.89507871651,NB
598,HU,N33,2,2970.37002871651,NB
599,HU,N33,3,3626.17230938317,NB
600,HU,N33,4,2854.45178804984,NB
601,HU,N48,1,3993.40153261683,NB
602,HU,N48,2,3944.79929395016,NB
603,HU,N48,3,3554.3590842835,NB
604,HU,N48,4,3769.60108695016,NB
605,HU,N49,1,4476.89461495016,NB
606,HU,N49,2,3297.35532495016,NB
607,HU,N49,3,3814.08665195016,NB
608,HU,N49,4,3684.21552461683,NB
609,HU,N50,1,2543.73918961683,NB
610,HU,N50,2,3698.40854395016,NB
611,HU,N50,3,3435.73686561683,NB
612,HU,N50,4,2968.2162882835,NB
613,HU,N63,1,3208.9526152835,NB
614,HU,N63,2,3643.70571995016,NB
615,HU,N63,3,3435.19186561683,NB
616,HU,N63,4,3816.50759461683,NB
617,HU,N67,1,2855.01238300698,NB
618,HU,N67,2,2970.88956634031,NB
619,HU,N67,3,2433.23036800698,NB
620,HU,N67,4,2463.13439913687,NB
621,HU,R19,1,3421.21685833333,SR
622,HU,R19,2,3180.824191,SR
623,HU,R19,3,3028.46674666667,SR
624,HU,R19,4,3598.28193096183,SR
625,HU,R9,1,3146.64650966667,SR
626,HU,R9,2,3352.631945,SR
627,HU,R9,3,2679.873256,SR
628,HU,R9,4,3624.76934763661,SR
629,HU,B1,1,3534.21563876577,BB
630,HU,B1,2,3568.12803426581,BB
631,HU,B1,3,3181.03652776581,BB
632,HU,B1,4,3057.11909737295,BB
633,HU,B35,1,3150.12078988716,BB
634,HU,B35,2,3543.0626802205,BB
635,HU,B35,3,3663.10357155383,BB
636,HU,B35,4,3162.05855455383,BB
637,HU,B58,1,3093.21696389773,BB
638,HU,B58,2,3284.65009539773,BB
639,HU,B58,3,3086.72143989773,BB
640,HU,B58,4,3992.12861140167,BB
641,HU,N15,1,3032.96954593418,NB
642,HU,N15,2,3261.87073343421,NB
643,HU,N15,3,3205.41994518421,NB
644,HU,N15,4,2704.88940965799,NB
645,HU,N16,1,2918.47029793422,NB
646,HU,N16,2,3245.11867568422,NB
647,HU,N16,3,2633.73173293422,NB
648,HU,N16,4,2493.2988531358,NB
649,HU,N17,1,2808.89666918422,NB
650,HU,N17,2,2778.20397993422,NB
651,HU,N17,3,3093.96368418422,NB
652,HU,N17,4,2326.21877991263,NB
653,HU,N3,1,3098.10330264799,NB
654,HU,N3,2,3028.85838714799,NB
655,HU,N3,3,3358.00974214799,NB
656,HU,N3,4,4288.0349431669,NB
657,HU,N57,1,3167.45605144161,NB
658,HU,N57,2,3449.22943588728,NB
659,HU,N57,3,3328.64224919161,NB
660,HU,N57,4,3528.49314708904,NB
661,HU,N68,1,3456.86456343422,NB
662,HU,N68,2,3074.09527618422,NB
663,HU,N68,3,3187.23516343422,NB
664,HU,N68,4,2938.70152379971,NB
665,HU,R1,1,3362.11481066639,SR
666,HU,R1,2,3632.72200141638,SR
667,HU,R1,3,3534.12457791638,SR
668,HU,R1,4,3279.05776566638,SR
669,HU,R3,1,2785.32089243261,SR
670,HU,R3,2,3115.86956591096,SR
671,HU,R3,3,2514.31503966096,SR
672,HU,R3,4,2639.93528653256,SR
673,HU,R5,1,2757.74410879871,SR
674,HU,R5,2,2778.41895416096,SR
675,HU,R5,3,2558.64505479871,SR
676,HU,R5,4,2933.81162605016,SR
677,HU,R8,1,3309.43893191096,SR
678,HU,R8,2,3156.61245591096,SR
679,HU,R8,3,3089.89368016096,SR
680,HU,R8,4,2791.41902869621,SR
681,HU,B2,1,3329.38310438532,BB
682,HU,B2,2,4150.88170518532,BB
683,HU,B2,3,3467.03463198532,BB
684,HU,B2,4,4082.0393510172,BB
685,HU,B43,1,3516.99701878933,BB
686,HU,B43,2,3570.10365912266,BB
687,HU,B43,3,3429.12824478933,BB
688,HU,B43,4,3046.8950186443,BB
689,HU,B59,1,3311.16482598532,BB
690,HU,B59,2,3432.33131478532,BB
691,HU,B59,3,3386.77832318532,BB
692,HU,B59,4,2310.36068553705,BB
693,HU,N22,1,3399.72317386528,NB
694,HU,N22,2,3764.27749746532,NB
695,HU,N22,3,3201.96592226532,NB
696,HU,N22,4,3600.70739430273,NB
697,HU,N54,1,3186.26656144226,NB
698,HU,N54,2,3303.08104524226,NB
699,HU,N54,3,3046.63554904226,NB
700,HU,N54,4,3423.33336924226,NB
701,HU,N66,1,3404.56776166533,NB
702,HU,N66,2,3228.38739286534,NB
703,HU,N66,3,3268.36314326534,NB
704,HU,N66,4,2657.52142281514,NB
705,HU,N69,1,3820.08329606533,NB
706,HU,N69,2,3838.40836641884,NB
707,HU,N69,3,3343.44032206533,NB
708,HU,N69,4,3582.64870859846,NB
709,HU,N70,1,3276.75814286957,NB
710,HU,N70,2,3253.57565706957,NB
711,HU,N70,3,3323.51935886957,NB
712,HU,N70,4,3567.84611733621,NB
713,HU,R15,1,3698.10630318969,SR
714,HU,R15,2,3074.61374967387,SR
715,HU,R15,3,3106.85768467387,SR
716,HU,R15,4,2875.05869367387,SR
717,HU,R2,1,4043.81777491362,SR
718,HU,R2,2,3251.23260591362,SR
719,HU,R2,3,3378.16087891362,SR
720,HU,R2,4,3395.95373651362,SR
721,HU,B39,1,3409.22487416728,BB
722,HU,B39,2,2930.35734216697,BB
723,HU,B39,3,3331.54801283364,BB
724,HU,B39,4,3342.27665550031,BB
725,HU,B40,1,4020.19636383362,BB
726,HU,B40,2,3684.84688783362,BB
727,HU,B40,3,3685.40663566695,BB
728,HU,B40,4,3835.11669866696,BB
729,HU,B42,1,3289.67091383362,BB
730,HU,B42,2,3200.90966050029,BB
731,HU,B42,3,3566.95364700029,BB
732,HU,B42,4,3612.14954166695,BB
733,HU,B46,1,4017.61976600029,BB
734,HU,B46,2,3991.12448750029,BB
735,HU,B46,3,4000.14025083362,BB
736,HU,B46,4,3997.85650416695,BB
737,HU,B70,1,3935.74412500029,BB
738,HU,B70,2,3723.56189716695,BB
739,HU,B70,3,3807.48727233362,BB
740,HU,B70,4,3575.65613450029,BB
741,HU,B71,1,3184.01711850029,BB
742,HU,B71,2,3391.03742850029,BB
743,HU,B71,3,3623.24138666695,BB
744,HU,B71,4,3349.37072216695,BB
745,HU,B72,1,3107.29780883362,BB
746,HU,B72,2,3309.08280900029,BB
747,HU,B72,3,3412.79733116696,BB
748,HU,B72,4,3376.59322900029,BB
749,HU,N23,1,3116.26135083258,NB
750,HU,N23,2,3075.73863766645,NB
751,HU,N23,3,3326.902575046,NB
752,HU,N23,4,3334.56972116645,NB
753,HU,N24,1,3301.88764333315,NB
754,HU,N24,2,2848.45539349981,NB
755,HU,N24,3,2929.62051066648,NB
756,HU,N24,4,3334.99830016648,NB
757,HU,N4,1,3121.40452049982,NB
758,HU,N4,2,3502.11893116648,NB
759,HU,N4,3,3479.46130466648,NB
760,HU,N4,4,3606.92783399982,NB
761,HU,N44,1,3081.70953266648,NB
762,HU,N44,2,2717.94846999982,NB
763,HU,N44,3,3505.97816533315,NB
764,HU,N44,4,3343.44525397847,NB
765,HU,N47,1,3406.58031166648,NB
766,HU,N47,2,2622.64961008315,NB
767,HU,N47,3,3773.61560133315,NB
768,HU,N47,4,3499.69429216648,NB
769,HU,N5,1,3240.64041333315,NB
770,HU,N5,2,3189.60942699982,NB
771,HU,N5,3,3485.08587583315,NB
772,HU,N5,4,3773.35166266648,NB
773,HU,N6,1,3330.53148549982,NB
774,HU,N6,2,2871.23785633315,NB
775,HU,N6,3,3306.51609349981,NB
776,HU,N6,4,3275.70151199981,NB
777,HU,N60,1,3273.22754749982,NB
778,HU,N60,2,3219.37111044297,NB
779,HU,N60,3,3329.91536899981,NB
780,HU,N60,4,3349.38078116648,NB
781,HU,N7,1,3499.76402833315,NB
782,HU,N7,2,3550.83632436767,NB
783,HU,N7,3,3514.80660816648,NB
784,HU,N7,4,3501.80480499981,NB
785,HU,R16,1,3110.08904116665,SR
786,HU,R16,2,3025.89726781711,SR
787,HU,R16,3,2924.48549416666,SR
788,HU,R16,4,3148.65488183333,SR
789,HU,R21,1,3585.9566085,SR
790,HU,R21,2,3409.38667916666,SR
791,HU,R21,3,3516.74846666666,SR
792,HU,R21,4,3776.83593416666,SR
793,SA,B13,1,3093.1299337907,BB
794,SA,B13,2,3284.59789779052,BB
795,SA,B13,3,3236.17002929052,BB
796,SA,B13,4,3330.78162175123,BB
797,SA,B14,1,3825.3167513436,BB
798,SA,B14,2,3087.2364098436,BB
799,SA,B14,3,3087.3835133436,BB
800,SA,B14,4,3680.0259658436,BB
801,SA,B19,1,3610.60541675122,BB
802,SA,B19,2,4005.67888525122,BB
803,SA,B19,3,3179.18208475122,BB
804,SA,B19,4,3046.38936940884,BB
805,SA,B20,1,3389.74033275122,BB
806,SA,B20,2,3307.63325875122,BB
807,SA,B20,3,2526.04835975122,BB
808,SA,B20,4,3028.81284245932,BB
809,SA,B21,1,3723.3163678436,BB
810,SA,B21,2,4253.0669028436,BB
811,SA,B21,3,4085.0223883436,BB
812,SA,B21,4,3886.5695178436,BB
813,SA,B22,1,3317.00868228839,BB
814,SA,B22,2,3193.75181978839,BB
815,SA,B22,3,2902.60533128839,BB
816,SA,B22,4,3210.25345528839,BB
817,SA,B25,1,3505.0465808436,BB
818,SA,B25,2,3745.2767903436,BB
819,SA,B25,3,3500.2342008436,BB
820,SA,B25,4,4033.4942003436,BB
821,SA,B26,1,3253.5419533436,BB
822,SA,B26,2,3807.8587408436,BB
823,SA,B26,3,3694.7468043436,BB
824,SA,B26,4,3808.8464343436,BB
825,SA,B4,1,2903.43155725122,BB
826,SA,B4,2,2917.34868425122,BB
827,SA,B4,3,2457.26959425122,BB
828,SA,B4,4,2816.21500874003,BB
829,SA,B51,1,3553.75337890577,BB
830,SA,B51,2,4143.11587340577,BB
831,SA,B51,3,2964.39088440577,BB
832,SA,B51,4,3093.1299337907,BB
833,SA,B52,1,3258.39622890577,BB
834,SA,B52,2,3795.22494290577,BB
835,SA,B52,3,2721.56751490577,BB
836,SA,B52,4,3093.1299337907,BB
837,SA,B53,1,3473.04857890577,BB
838,SA,B53,2,4063.25286940577,BB
839,SA,B53,3,2882.84428840577,BB
840,SA,B53,4,3093.1299337907,BB
841,SA,N12,1,2206.21216055489,NB
842,SA,N12,2,2532.64500905507,NB
843,SA,N12,3,2377.84687355507,NB
844,SA,N12,4,2206.21216055489,NB
845,SA,N13,1,2790.77955005507,NB
846,SA,N13,2,2923.55127205507,NB
847,SA,N13,3,2705.75386555507,NB
848,SA,N13,4,2755.00261566946,NB
849,SA,N14,1,2495.3320622304,NB
850,SA,N14,2,2353.8146882304,NB
851,SA,N14,3,2161.5325422304,NB
852,SA,N14,4,2667.4416712304,NB
853,SA,N18,1,3070.61178918634,NB
854,SA,N18,2,2657.41669268634,NB
855,SA,N18,3,2212.16275818634,NB
856,SA,N18,4,1953.35817518634,NB
857,SA,N26,1,3261.30267876724,NB
858,SA,N26,2,3764.14514426724,NB
859,SA,N26,3,2758.46021326724,NB
860,SA,N26,4,2206.21216055489,NB
861,SA,N31,1,3393.1896310723,NB
862,SA,N31,2,3804.9371140723,NB
863,SA,N31,3,2981.4421480723,NB
864,SA,N31,4,2206.21216055489,NB
865,SA,N36,1,3195.91394317763,NB
866,SA,N36,2,3098.47901617763,NB
867,SA,N36,3,3346.61077517763,NB
868,SA,N36,4,3315.51944017763,NB
869,SA,N37,1,2516.76906322169,NB
870,SA,N37,2,3105.26900272169,NB
871,SA,N37,3,3041.85146672169,NB
872,SA,N37,4,2990.89682872169,NB
873,SA,N38,1,2448.99919472169,NB
874,SA,N38,2,2168.98656122169,NB
875,SA,N38,3,3053.35449022169,NB
876,SA,N38,4,2933.10891022169,NB
877,SA,N39,1,2542.40749667763,NB
878,SA,N39,2,2610.36922517763,NB
879,SA,N39,3,3485.67593817763,NB
880,SA,N39,4,3364.45755867763,NB
881,SA,N41,1,2716.52002317763,NB
882,SA,N41,2,3739.72934719614,NB
883,SA,N41,3,3365.34543217763,NB
884,SA,N41,4,3290.71677167763,NB
885,SA,N52,1,3118.38792876724,NB
886,SA,N52,2,3651.24529376724,NB
887,SA,N52,3,2585.53056376724,NB
888,SA,N52,4,2206.21216055489,NB
889,SA,N53,1,3527.51642876724,NB
890,SA,N53,2,4094.89471176724,NB
891,SA,N53,3,2960.13814576724,NB
892,SA,N53,4,2206.21216055489,NB
893,SA,N58,1,3363.50357955507,NB
894,SA,N58,2,3400.77645005507,NB
895,SA,N58,3,3074.21689405507,NB
896,SA,N58,4,3583.88761777844,NB
897,SA,N64,1,2218.35992367763,NB
898,SA,N64,2,2996.44711067763,NB
899,SA,N64,3,3291.84631467763,NB
900,SA,N64,4,2923.11085817763,NB
901,SA,N65,1,2825.28392122169,NB
902,SA,N65,2,2666.96943922169,NB
903,SA,N65,3,2447.39816022169,NB
904,SA,N65,4,1652.85033972169,NB
905,SA,N8,1,3241.68692876724,NB
906,SA,N8,2,3753.22197376724,NB
907,SA,N8,3,2730.15188376724,NB
908,SA,N8,4,2206.21216055489,NB
909,SA,N9,1,3269.8906310723,NB
910,SA,N9,2,3668.5157375723,NB
911,SA,N9,3,2871.2655245723,NB
912,SA,N9,4,2206.21216055489,NB
913,SA,R10,1,3744.04187749993,SR
914,SA,R10,2,4085.95199549994,SR
915,SA,R10,3,3575.87127399994,SR
916,SA,R10,4,3226.64802049994,SR
917,SA,R12,1,2144.95011199994,SR
918,SA,R12,2,3275.09754549994,SR
919,SA,R12,3,2234.97208299995,SR
920,SA,R12,4,3077.22258149995,SR
921,SA,R13,1,1839.01200699995,SR
922,SA,R13,2,3022.05358749994,SR
923,SA,R13,3,3922.82493349994,SR
924,SA,R13,4,2690.85574299994,SR
925,SA,R18,1,3547.51347013352,SR
926,SA,R18,2,4037.47847613352,SR
927,SA,R18,3,3057.54846463352,SR
928,SA,R18,4,3744.04187749993,SR
929,SA,R4,1,2990.37811417636,SR
930,SA,R4,2,3412.58023117636,SR
931,SA,R4,3,2568.17599717636,SR
932,SA,R4,4,3744.04187749993,SR
933,SA,R7,1,2609.79039682365,SR
934,SA,R7,2,2985.90721132365,SR
935,SA,R7,3,2650.19360382365,SR
936,SA,R7,4,2896.17616601533,SR
937,SA,B10,1,3779.92736944862,BB
938,SA,B10,2,3433.40748111558,BB
939,SA,B10,3,3635.32695611558,BB
940,SA,B10,4,3692.11689511558,BB
941,SA,B17,1,3353.65743126078,BB
942,SA,B17,2,3530.73254259412,BB
943,SA,B17,3,2926.27138159412,BB
944,SA,B17,4,2594.46865040587,BB
945,SA,B23,1,3403.13509488365,BB
946,SA,B23,2,3363.53046688365,BB
947,SA,B23,3,3484.58653788365,BB
948,SA,B23,4,3406.22812588365,BB
949,SA,B3,1,2764.93886891136,BB
950,SA,B3,2,2916.40028078225,BB
951,SA,B3,3,3369.77507444892,BB
952,SA,B3,4,3434.20215644892,BB
953,SA,B41,1,3565.28196911559,BB
954,SA,B41,2,3526.41589678225,BB
955,SA,B41,3,3498.07352144892,BB
956,SA,B41,4,2532.52626744892,BB
957,SA,B44,1,3306.01723444892,BB
958,SA,B44,2,3670.29070211559,BB
959,SA,B44,3,2257.76575378225,BB
960,SA,B44,4,3680.68063044892,BB
961,SA,B45,1,2454.83900355032,BB
962,SA,B45,2,2282.50105455032,BB
963,SA,B45,3,2215.71783121698,BB
964,SA,B45,4,2254.59692355032,BB
965,SA,B61,1,3390.45115155032,BB
966,SA,B61,2,3065.40280088365,BB
967,SA,B61,3,3892.26508455032,BB
968,SA,B61,4,3946.12834788365,BB
969,SA,B63,1,3502.250125792,BB
970,SA,B63,2,4009.65808255032,BB
971,SA,B63,3,3833.06087755032,BB
972,SA,B63,4,3264.66010821698,BB
973,SA,B66,1,3369.17539588365,BB
974,SA,B66,2,3228.97712355032,BB
975,SA,B66,3,3557.95562088365,BB
976,SA,B66,4,3701.07495288365,BB
977,SA,B68,1,3542.71169021698,BB
978,SA,B68,2,4146.12638921698,BB
979,SA,B68,3,3657.05186955032,BB
980,SA,B68,4,3870.94052621698,BB
981,SA,N10,1,3290.49204294125,NB
982,SA,N10,2,3377.17925294127,NB
983,SA,N10,3,3072.11174694127,NB
984,SA,N10,4,2794.39993241985,NB
985,SA,N21,1,2556.64144527461,NB
986,SA,N21,2,2855.01584060794,NB
987,SA,N21,3,2353.24707094127,NB
988,SA,N21,4,3668.56330231718,NB
989,SA,N25,1,2472.21310640101,NB
990,SA,N25,2,2910.87330106767,NB
991,SA,N25,3,2908.98664073434,NB
992,SA,N25,4,2730.12546373434,NB
993,SA,N33,1,3014.59394326566,NB
994,SA,N33,2,3148.41573726566,NB
995,SA,N33,3,2536.84273893232,NB
996,SA,N33,4,2666.35346993232,NB
997,SA,N48,1,3657.35243873434,NB
998,SA,N48,2,4248.91982906767,NB
999,SA,N48,3,3250.88534306768,NB
1000,SA,N48,4,3671.83998806768,NB
1001,SA,N49,1,2668.82508473434,NB
1002,SA,N49,2,2964.39284373434,NB
1003,SA,N49,3,3758.03769206767,NB
1004,SA,N49,4,3282.66324173434,NB
1005,SA,N50,1,2511.23358890101,NB
1006,SA,N50,2,2743.60081316767,NB
1007,SA,N50,3,2470.49056506347,NB
1008,SA,N50,4,2305.18910373434,NB
1009,SA,N63,1,2172.55804706767,NB
1010,SA,N63,2,2981.76694773434,NB
1011,SA,N63,3,3462.40853414762,NB
1012,SA,N63,4,3043.92392473434,NB
1013,SA,N67,1,3210.21297906987,NB
1014,SA,N67,2,3499.60323373654,NB
1015,SA,N67,3,2645.71224947927,NB
1016,SA,N67,4,2596.19928425109,NB
1017,SA,R19,1,2697.478603,SR
1018,SA,R19,2,2887.06846,SR
1019,SA,R19,3,3114.70043733333,SR
1020,SA,R19,4,2450.04151777596,SR
1021,SA,R9,1,3107.14945066667,SR
1022,SA,R9,2,3149.022921,SR
1023,SA,R9,3,3330.11718133333,SR
1024,SA,R9,4,2563.64333000388,SR
1025,SA,B1,1,3213.03187594204,BB
1026,SA,B1,2,3746.63402794203,BB
1027,SA,B1,3,2856.36348144202,BB
1028,SA,B1,4,3266.13856955138,BB
1029,SA,B35,1,3062.97658420596,BB
1030,SA,B35,2,2810.24009145596,BB
1031,SA,B35,3,3432.56782770596,BB
1032,SA,B35,4,3253.16889495596,BB
1033,SA,B58,1,3550.23854719932,BB
1034,SA,B58,2,4116.07698244932,BB
1035,SA,B58,3,3044.13094844932,BB
1036,SA,B58,4,3600.91688744598,BB
1037,SA,N15,1,2509.75643842584,NB
1038,SA,N15,2,2196.16561065916,NB
1039,SA,N15,3,2079.5613480925,NB
1040,SA,N15,4,2359.7091940925,NB
1041,SA,N16,1,2881.75349909249,NB
1042,SA,N16,2,2699.69041075916,NB
1043,SA,N16,3,2394.81923275916,NB
1044,SA,N16,4,2064.62096442583,NB
1045,SA,N17,1,2627.83857209249,NB
1046,SA,N17,2,2545.28942609249,NB
1047,SA,N17,3,2672.42027242583,NB
1048,SA,N17,4,1886.40317509249,NB
1049,SA,N3,1,3534.45934074003,NB
1050,SA,N3,2,3401.18285274003,NB
1051,SA,N3,3,3025.50771299003,NB
1052,SA,N3,4,3068.30872828033,NB
1053,SA,N57,1,3243.11201831389,NB
1054,SA,N57,2,3522.33602906389,NB
1055,SA,N57,3,2980.64202406389,NB
1056,SA,N57,4,3753.54148774347,NB
1057,SA,N68,1,3516.28562417383,NB
1058,SA,N68,2,3434.08904092383,NB
1059,SA,N68,3,3276.42957517383,NB
1060,SA,N68,4,3222.01883059417,NB
1061,SA,R1,1,3884.25084761233,SR
1062,SA,R1,2,3113.76685561232,SR
1063,SA,R1,3,3323.77311561232,SR
1064,SA,R1,4,4025.06639686232,SR
1065,SA,R3,1,2931.24912403707,SR
1066,SA,R3,2,2886.69692428707,SR
1067,SA,R3,3,2704.29546678707,SR
1068,SA,R3,4,3447.4533554339,SR
1069,SA,R5,1,3187.66986053707,SR
1070,SA,R5,2,3373.62004403707,SR
1071,SA,R5,3,3025.86842278707,SR
1072,SA,R5,4,3187.53520032426,SR
1073,SA,R8,1,2690.44299028707,SR
1074,SA,R8,2,3418.08772928707,SR
1075,SA,R8,3,3170.77043903707,SR
1076,SA,R8,4,3161.24417670635,SR
1077,SA,B2,1,3948.12532883146,BB
1078,SA,B2,2,4335.54115223146,BB
1079,SA,B2,3,3497.06487783146,BB
1080,SA,B2,4,3981.27884284816,BB
1081,SA,B43,1,2839.46660891827,BB
1082,SA,B43,2,3067.72946331827,BB
1083,SA,B43,3,2304.00386391827,BB
1084,SA,B43,4,2559.18572782218,BB
1085,SA,B59,1,3881.70923723147,BB
1086,SA,B59,2,3738.49205283147,BB
1087,SA,B59,3,3535.40806083146,BB
1088,SA,B59,4,3633.58607763153,BB
1089,SA,N22,1,4270.94585060121,NB
1090,SA,N22,2,4233.54241700119,NB
1091,SA,N22,3,3838.52825360119,NB
1092,SA,N22,4,4014.03797478518,NB
1093,SA,N54,1,3380.35756474082,NB
1094,SA,N54,2,3115.38129634082,NB
1095,SA,N54,3,3355.33472174082,NB
1096,SA,N54,4,3214.91881834082,NB
1097,SA,N66,1,2776.39445340118,NB
1098,SA,N66,2,2955.47209980118,NB
1099,SA,N66,3,2192.03107420118,NB
1100,SA,N66,4,2432.16693303055,NB
1101,SA,N69,1,3493.55502594934,NB
1102,SA,N69,2,3626.75030520118,NB
1103,SA,N69,3,3037.46262620118,NB
1104,SA,N69,4,2739.61338579576,NB
1105,SA,N70,1,2995.63298020203,NB
1106,SA,N70,2,2996.27939287492,NB
1107,SA,N70,3,2484.86714720203,NB
1108,SA,N70,4,2951.97649555131,NB
1109,SA,R15,1,2492.17625265531,SR
1110,SA,R15,2,2677.38058385533,SR
1111,SA,R15,3,2665.28490745533,SR
1112,SA,R15,4,2888.03997465533,SR
1113,SA,R2,1,3111.53964501813,SR
1114,SA,R2,2,2680.96245281813,SR
1115,SA,R2,3,2881.32705221813,SR
1116,SA,R2,4,3311.03014561813,SR
1117,SA,B39,1,3589.50044816695,BB
1118,SA,B39,2,3363.0818420002,BB
1119,SA,B39,3,3120.90826883353,BB
1120,SA,B39,4,3235.77813108353,BB
1121,SA,B40,1,3597.76895216685,BB
1122,SA,B40,2,3892.67320366685,BB
1123,SA,B40,3,3810.98536500018,BB
1124,SA,B40,4,3624.64897101787,BB
1125,SA,B42,1,3081.76987283351,BB
1126,SA,B42,2,3070.46660633351,BB
1127,SA,B42,3,3165.75744266685,BB
1128,SA,B42,4,2899.60328966685,BB
1129,SA,B46,1,4293.09026016685,BB
1130,SA,B46,2,4084.39304483351,BB
1131,SA,B46,3,4304.82264483351,BB
1132,SA,B46,4,4006.95953050018,BB
1133,SA,B70,1,3554.68455900018,BB
1134,SA,B70,2,4007.93444683352,BB
1135,SA,B70,3,3746.56613516685,BB
1136,SA,B70,4,3359.37313900018,BB
1137,SA,B71,1,3233.74549033352,BB
1138,SA,B71,2,3397.84096450018,BB
1139,SA,B71,3,3507.17305183352,BB
1140,SA,B71,4,3307.25810833352,BB
1141,SA,B72,1,3305.95510366685,BB
1142,SA,B72,2,3030.83295216685,BB
1143,SA,B72,3,3209.59588666685,BB
1144,SA,B72,4,2921.95618400018,BB
1145,SA,N23,1,3260.21548566647,NB
1146,SA,N23,2,3561.98104499991,NB
1147,SA,N23,3,3185.07371449991,NB
1148,SA,N23,4,3443.28344916657,NB
1149,SA,N24,1,2847.46189916661,NB
1150,SA,N24,2,2998.36348983328,NB
1151,SA,N24,3,2802.39599583328,NB
1152,SA,N24,4,3003.21041649995,NB
1153,SA,N4,1,3118.39831516661,NB
1154,SA,N4,2,3184.76234632314,NB
1155,SA,N4,3,2843.74281949995,NB
1156,SA,N4,4,2988.46781933328,NB
1157,SA,N44,1,2615.13902333328,NB
1158,SA,N44,2,2714.02996516661,NB
1159,SA,N44,3,3069.57010266661,NB
1160,SA,N44,4,3131.06971016661,NB
1161,SA,N47,1,3472.96746999994,NB
1162,SA,N47,2,3425.70015894402,NB
1163,SA,N47,3,3607.71741749994,NB
1164,SA,N47,4,3212.95485916661,NB
1165,SA,N5,1,3300.90794149995,NB
1166,SA,N5,2,3078.10157399995,NB
1167,SA,N5,3,3081.19312583328,NB
1168,SA,N5,4,3563.52844766661,NB
1169,SA,N6,1,2850.98996249995,NB
1170,SA,N6,2,2998.72764683328,NB
1171,SA,N6,3,2928.06888716661,NB
1172,SA,N6,4,3284.41666033328,NB
1173,SA,N60,1,3291.19586683328,NB
1174,SA,N60,2,3324.41693049994,NB
1175,SA,N60,3,3156.30810533328,NB
1176,SA,N60,4,3158.70170783328,NB
1177,SA,N7,1,3406.64129983328,NB
1178,SA,N7,2,3280.74319283328,NB
1179,SA,N7,3,3434.96458516661,NB
1180,SA,N7,4,3415.18366215068,NB
1181,SA,R16,1,3024.20739016662,SR
1182,SA,R16,2,3312.14748949996,SR
1183,SA,R16,3,3244.83475883329,SR
1184,SA,R16,4,2992.14607916663,SR
1185,SA,R21,1,3472.4162923333,SR
1186,SA,R21,2,3565.22510166663,SR
1187,SA,R21,3,4279.6167973333,SR
1188,SA,R21,4,3365.72620249996,SR
1189,TU,B13,1,3250.24302561785,BB
1190,TU,B13,2,3209.38292261772,BB
1191,TU,B13,3,3340.21265861772,BB
1192,TU,B13,4,3922.22142974359,BB
1193,TU,B14,1,2535.61475395665,BB
1194,TU,B14,2,2770.96953995665,BB
1195,TU,B14,3,3174.74185195665,BB
1196,TU,B14,4,3451.78466495665,BB
1197,TU,B19,1,4208.4490213178,BB
1198,TU,B19,2,3853.6724053178,BB
1199,TU,B19,3,3242.4365118178,BB
1200,TU,B19,4,4320.39667561066,BB
1201,TU,B20,1,2454.6655043178,BB
1202,TU,B20,2,3173.4543828178,BB
1203,TU,B20,3,2595.2993458178,BB
1204,TU,B20,4,4002.12281262284,BB
1205,TU,B21,1,3550.25456845665,BB
1206,TU,B21,2,2630.75907245665,BB
1207,TU,B21,3,3989.03746845665,BB
1208,TU,B21,4,4005.66014245665,BB
1209,TU,B22,1,3396.13076551527,BB
1210,TU,B22,2,3461.56694701527,BB
1211,TU,B22,3,4195.03180501527,BB
1212,TU,B22,4,3836.81039351527,BB
1213,TU,B25,1,3184.45592445665,BB
1214,TU,B25,2,3612.29013495665,BB
1215,TU,B25,3,3579.69099145665,BB
1216,TU,B25,4,2310.05809945665,BB
1217,TU,B26,1,3542.28472145665,BB
1218,TU,B26,2,3377.29785395665,BB
1219,TU,B26,3,4102.86390645665,BB
1220,TU,B26,4,3374.21919195665,BB
1221,TU,B4,1,3256.4632278178,BB
1222,TU,B4,2,3214.4796583178,BB
1223,TU,B4,3,3018.7404003178,BB
1224,TU,B4,4,3347.87374403844,BB
1225,TU,B51,1,3586.01187222574,BB
1226,TU,B51,2,4029.61084922574,BB
1227,TU,B51,3,3142.41289522574,BB
1228,TU,B51,4,3250.24302561785,BB
1229,TU,B52,1,3521.56012222574,BB
1230,TU,B52,2,3955.81247472574,BB
1231,TU,B52,3,3087.30776972574,BB
1232,TU,B52,4,3250.24302561785,BB
1233,TU,B53,1,3394.89842222574,BB
1234,TU,B53,2,3820.75747522574,BB
1235,TU,B53,3,2969.03936922574,BB
1236,TU,B53,4,3250.24302561785,BB
1237,TU,N12,1,2366.31353382921,NB
1238,TU,N12,2,2603.28875132933,NB
1239,TU,N12,3,2302.57325282933,NB
1240,TU,N12,4,2366.31353382921,NB
1241,TU,N13,1,2685.6445298294,NB
1242,TU,N13,2,3157.6026478294,NB
1243,TU,N13,3,2478.5372958294,NB
1244,TU,N13,4,2984.74045558469,NB
1245,TU,N14,1,2988.7502858294,NB
1246,TU,N14,2,3003.7630978294,NB
1247,TU,N14,3,2522.6895468294,NB
1248,TU,N14,4,2882.2376155754,NB
1249,TU,N18,1,3024.5070383528,NB
1250,TU,N18,2,2463.7109113528,NB
1251,TU,N18,3,3251.6096503528,NB
1252,TU,N18,4,3211.32409656795,NB
1253,TU,N26,1,2893.39911269867,NB
1254,TU,N26,2,3227.81962769867,NB
1255,TU,N26,3,2558.97859769867,NB
1256,TU,N26,4,2366.31353382921,NB
1257,TU,N31,1,2593.60367578005,NB
1258,TU,N31,2,3041.57640478005,NB
1259,TU,N31,3,2145.63094678005,NB
1260,TU,N31,4,2366.31353382921,NB
1261,TU,N36,1,3872.59514697184,NB
1262,TU,N36,2,4155.97916247184,NB
1263,TU,N36,3,3710.58186747184,NB
1264,TU,N36,4,2893.05523247184,NB
1265,TU,N37,1,3085.71503052106,NB
1266,TU,N37,2,3751.60215102107,NB
1267,TU,N37,3,3480.96659602107,NB
1268,TU,N37,4,2853.60864452107,NB
1269,TU,N38,1,3039.89922652106,NB
1270,TU,N38,2,3106.79726102107,NB
1271,TU,N38,3,3439.74643552106,NB
1272,TU,N38,4,2405.85741152107,NB
1273,TU,N39,1,3801.82794847184,NB
1274,TU,N39,2,3065.82806847184,NB
1275,TU,N39,3,2837.26104947184,NB
1276,TU,N39,4,3187.29862447184,NB
1277,TU,N41,1,3184.99750897184,NB
1278,TU,N41,2,3720.57438497184,NB
1279,TU,N41,3,2963.85920697184,NB
1280,TU,N41,4,2499.18612497184,NB
1281,TU,N52,1,2810.45251269868,NB
1282,TU,N52,2,3135.16827569868,NB
1283,TU,N52,3,2485.73674969868,NB
1284,TU,N52,4,2366.31353382921,NB
1285,TU,N53,1,2694.99981269868,NB
1286,TU,N53,2,3006.20760969868,NB
1287,TU,N53,3,2383.79201569868,NB
1288,TU,N53,4,2366.31353382921,NB
1289,TU,N58,1,3189.7034443294,NB
1290,TU,N58,2,3426.7159048294,NB
1291,TU,N58,3,2428.1812033294,NB
1292,TU,N58,4,3247.81932547359,NB
1293,TU,N64,1,3201.17887247184,NB
1294,TU,N64,2,3559.76635529945,NB
1295,TU,N64,3,3649.88073847184,NB
1296,TU,N64,4,2889.77693047184,NB
1297,TU,N65,1,3392.09857952107,NB
1298,TU,N65,2,2572.17841802107,NB
1299,TU,N65,3,2994.62302452107,NB
1300,TU,N65,4,2952.44426452107,NB
1301,TU,N8,1,2649.04291269868,NB
1302,TU,N8,2,2954.87375219868,NB
1303,TU,N8,3,2343.21207319868,NB
1304,TU,N8,4,2366.31353382921,NB
1305,TU,N9,1,2798.72837578005,NB
1306,TU,N9,2,3242.06842528005,NB
1307,TU,N9,3,2355.38832628005,NB
1308,TU,N9,4,2366.31353382921,NB
1309,TU,R10,1,3814.09457400002,SR
1310,TU,R10,2,2310.75130150001,SR
1311,TU,R10,3,2982.89258500001,SR
1312,TU,R10,4,2964.17368950001,SR
1313,TU,R12,1,2934.00951998066,SR
1314,TU,R12,2,3356.44042100001,SR
1315,TU,R12,3,3353.11483600001,SR
1316,TU,R12,4,3114.07196050001,SR
1317,TU,R13,1,2710.99838800001,SR
1318,TU,R13,2,3110.85670200001,SR
1319,TU,R13,3,4060.05130550001,SR
1320,TU,R13,4,2885.22649600001,SR
1321,TU,R18,1,3590.12598793361,SR
1322,TU,R18,2,4108.21605593362,SR
1323,TU,R18,3,3072.03591993361,SR
1324,TU,R18,4,3814.09457400002,SR
1325,TU,R4,1,3157.09997088839,SR
1326,TU,R4,2,3562.89491438839,SR
1327,TU,R4,3,2751.30502738839,SR
1328,TU,R4,4,3814.09457400002,SR
1329,TU,R7,1,3094.41987111161,SR
1330,TU,R7,2,3713.53558361161,SR
1331,TU,R7,3,3014.75876461161,SR
1332,TU,R7,4,2840.83449419857,SR
1333,TU,B10,1,3127.57522881122,BB
1334,TU,B10,2,3010.54434614429,BB
1335,TU,B10,3,3287.19945881096,BB
1336,TU,B10,4,4201.39764281095,BB
1337,TU,B17,1,3559.49691637344,BB
1338,TU,B17,2,3512.56712537344,BB
1339,TU,B17,3,3078.05072237344,BB
1340,TU,B17,4,3788.58662643585,BB
1341,TU,B23,1,3145.41123585588,BB
1342,TU,B23,2,3440.67653752255,BB
1343,TU,B23,3,4091.24852385588,BB
1344,TU,B23,4,4088.39057618921,BB
1345,TU,B3,1,2477.32488781096,BB
1346,TU,B3,2,2460.61685114429,BB
1347,TU,B3,3,2480.45357614429,BB
1348,TU,B3,4,3217.27002386991,BB
1349,TU,B41,1,2924.42841247762,BB
1350,TU,B41,2,3031.10747314429,BB
1351,TU,B41,3,2988.11003981096,BB
1352,TU,B41,4,2805.74506481096,BB
1353,TU,B44,1,2916.87502381096,BB
1354,TU,B44,2,2505.25920747762,BB
1355,TU,B44,3,3173.23891414429,BB
1356,TU,B44,4,2536.58856281095,BB
1357,TU,B45,1,3175.46906018921,BB
1358,TU,B45,2,3214.45284418921,BB
1359,TU,B45,3,2897.70859552255,BB
1360,TU,B45,4,2837.16897218921,BB
1361,TU,B61,1,3579.58530818921,BB
1362,TU,B61,2,3371.39307485588,BB
1363,TU,B61,3,4023.31410618921,BB
1364,TU,B61,4,4218.20943718921,BB
1365,TU,B63,1,4028.44800152255,BB
1366,TU,B63,2,3557.81027218921,BB
1367,TU,B63,3,3833.79857152255,BB
1368,TU,B63,4,3161.77930485588,BB
1369,TU,B66,1,3746.37863085588,BB
1370,TU,B66,2,3697.79136885588,BB
1371,TU,B66,3,3372.29026152255,BB
1372,TU,B66,4,3605.17011852255,BB
1373,TU,B68,1,3975.82108552255,BB
1374,TU,B68,2,3574.32747018921,BB
1375,TU,B68,3,4316.92690785588,BB
1376,TU,B68,4,3998.42735085588,BB
1377,TU,N10,1,3120.4614514208,NB
1378,TU,N10,2,3527.58960642076,NB
1379,TU,N10,3,2698.25748042076,NB
1380,TU,N10,4,3219.02337600783,NB
1381,TU,N21,1,3234.27937775407,NB
1382,TU,N21,2,3289.59701642074,NB
1383,TU,N21,3,2656.62719442074,NB
1384,TU,N21,4,3278.21140835016,NB
1385,TU,N25,1,2692.20611109286,NB
1386,TU,N25,2,2913.46375275953,NB
1387,TU,N25,3,2820.17628775953,NB
1388,TU,N25,4,3045.4783614262,NB
1389,TU,N33,1,2890.84930124047,NB
1390,TU,N33,2,3440.20212624047,NB
1391,TU,N33,3,3544.4654125738,NB
1392,TU,N33,4,2738.25547690713,NB
1393,TU,N48,1,3756.15422275953,NB
1394,TU,N48,2,2963.0853364262,NB
1395,TU,N48,3,3535.3292464262,NB
1396,TU,N48,4,3287.88064875953,NB
1397,TU,N49,1,3855.77726209286,NB
1398,TU,N49,2,3155.5242744262,NB
1399,TU,N49,3,3309.6072094262,NB
1400,TU,N49,4,3422.0820044262,NB
1401,TU,N50,1,2322.56012102694,NB
1402,TU,N50,2,1989.9465872262,NB
1403,TU,N50,3,2406.95730052694,NB
1404,TU,N50,4,2934.17620302694,NB
1405,TU,N63,1,2846.6951164262,NB
1406,TU,N63,2,3105.40095809286,NB
1407,TU,N63,3,3225.49066709286,NB
1408,TU,N63,4,2980.02131003365,NB
1409,TU,N67,1,2534.22351965691,NB
1410,TU,N67,2,2484.47154132358,NB
1411,TU,N67,3,2418.93959632358,NB
1412,TU,N67,4,3287.54383814993,NB
1413,TU,R19,1,3402.36007133333,SR
1414,TU,R19,2,3842.56875533333,SR
1415,TU,R19,3,3989.56232766667,SR
1416,TU,R19,4,3910.19386814562,SR
1417,TU,R9,1,3378.417547,SR
1418,TU,R9,2,3819.116303,SR
1419,TU,R9,3,3532.523366,SR
1420,TU,R9,4,2573.39356261896,SR
1421,TU,B1,1,3442.35880987413,BB
1422,TU,B1,2,3782.8699015408,BB
1423,TU,B1,3,3035.82285020747,BB
1424,TU,B1,4,2871.55720863288,BB
1425,TU,B35,1,2457.48801503626,BB
1426,TU,B35,2,3222.74396728626,BB
1427,TU,B35,3,2798.19822303626,BB
1428,TU,B35,4,2825.86351287379,BB
1429,TU,B58,1,3322.75483451824,BB
1430,TU,B58,2,3448.35474551824,BB
1431,TU,B58,3,3101.49674901823,BB
1432,TU,B58,4,3445.46569343072,BB
1433,TU,N15,1,2283.48326609171,NB
1434,TU,N15,2,2553.75749259166,NB
1435,TU,N15,3,2816.26091634166,NB
1436,TU,N15,4,2739.34996794487,NB
1437,TU,N16,1,2706.23289884165,NB
1438,TU,N16,2,2835.18961359165,NB
1439,TU,N16,3,2677.88114184165,NB
1440,TU,N16,4,1905.67778011518,NB
1441,TU,N17,1,3119.75941286992,NB
1442,TU,N17,2,3185.54686434165,NB
1443,TU,N17,3,2762.83989259165,NB
1444,TU,N17,4,3074.0739898845,NB
1445,TU,N3,1,3424.42170577267,NB
1446,TU,N3,2,3777.10386977267,NB
1447,TU,N3,3,3072.47021227267,NB
1448,TU,N3,4,3500.66718112496,NB
1449,TU,N57,1,3239.24816372363,NB
1450,TU,N57,2,3638.07653772363,NB
1451,TU,N57,3,2936.87227672363,NB
1452,TU,N57,4,2482.93407533333,NB
1453,TU,N68,1,3164.19560134165,NB
1454,TU,N68,2,3574.17931809165,NB
1455,TU,N68,3,3051.11670634165,NB
1456,TU,N68,4,3014.43127376409,NB
1457,TU,R1,1,3434.05810468079,SR
1458,TU,R1,2,3911.06308843077,SR
1459,TU,R1,3,3685.16424318077,SR
1460,TU,R1,4,3175.40107143077,SR
1461,TU,R3,1,2849.47382699696,SR
1462,TU,R3,2,3293.89790849696,SR
1463,TU,R3,3,3193.48997974696,SR
1464,TU,R3,4,3375.41882839219,SR
1465,TU,R5,1,3805.15662474696,SR
1466,TU,R5,2,3758.14851899696,SR
1467,TU,R5,3,3580.11197799696,SR
1468,TU,R5,4,3742.01610715389,SR
1469,TU,R8,1,3202.97050824695,SR
1470,TU,R8,2,3468.76100924696,SR
1471,TU,R8,3,3651.20716474696,SR
1472,TU,R8,4,3040.51948644891,SR
1473,TU,B2,1,2936.87609449031,BB
1474,TU,B2,2,3807.17896649033,BB
1475,TU,B2,3,3223.43083469033,BB
1476,TU,B2,4,3141.11308136368,BB
1477,TU,B43,1,3269.64281528517,BB
1478,TU,B43,2,3255.07467688517,BB
1479,TU,B43,3,2804.48639428517,BB
1480,TU,B43,4,2844.41446801969,BB
1481,TU,B59,1,3186.79423469033,BB
1482,TU,B59,2,3194.01468889033,BB
1483,TU,B59,3,3295.41094769033,BB
1484,TU,B59,4,3141.70992868405,BB
1485,TU,N22,1,3612.59707281568,NB
1486,TU,N22,2,3921.18975881563,NB
1487,TU,N22,3,3615.56521461563,NB
1488,TU,N22,4,2880.99227202234,NB
1489,TU,N54,1,3368.01103397982,NB
1490,TU,N54,2,3603.93315657982,NB
1491,TU,N54,3,3081.77850477982,NB
1492,TU,N54,4,3704.50848717982,NB
1493,TU,N66,1,3721.44594410066,NB
1494,TU,N66,2,3478.08412935066,NB
1495,TU,N66,3,3441.15288410066,NB
1496,TU,N66,4,2763.6702767677,NB
1497,TU,N69,1,3668.14806661563,NB
1498,TU,N69,2,3690.95609781563,NB
1499,TU,N69,3,3432.79828801563,NB
1500,TU,N69,4,2748.12437461255,NB
1501,TU,N70,1,3279.90640245235,NB
1502,TU,N70,2,3163.91347425235,NB
1503,TU,N70,3,2982.47337905235,NB
1504,TU,N70,4,2685.61779510773,NB
1505,TU,R15,1,2761.27665580757,SR
1506,TU,R15,2,3136.04075497024,SR
1507,TU,R15,3,3059.93218120758,SR
1508,TU,R15,4,3759.36953103917,SR
1509,TU,R2,1,3494.62333513834,SR
1510,TU,R2,2,3565.03308473834,SR
1511,TU,R2,3,3965.54513613834,SR
1512,TU,R2,4,3477.24408973834,SR
1513,TU,B39,1,3286.81477000035,BB
1514,TU,B39,2,3654.70586500012,BB
1515,TU,B39,3,3457.81289050012,BB
1516,TU,B39,4,3214.44929100012,BB
1517,TU,B40,1,3436.53738183342,BB
1518,TU,B40,2,3012.41344783342,BB
1519,TU,B40,3,3827.41060763737,BB
1520,TU,B40,4,2992.21349033342,BB
1521,TU,B42,1,3015.91299433342,BB
1522,TU,B42,2,3078.25700750009,BB
1523,TU,B42,3,3521.21181472838,BB
1524,TU,B42,4,3747.73009166675,BB
1525,TU,B46,1,3523.07870950009,BB
1526,TU,B46,2,3284.48699650009,BB
1527,TU,B46,3,3947.87248450009,BB
1528,TU,B46,4,4127.09887416676,BB
1529,TU,B70,1,3620.21894150009,BB
1530,TU,B70,2,3475.43049183342,BB
1531,TU,B70,3,3743.98002183342,BB
1532,TU,B70,4,3182.98057166676,BB
1533,TU,B71,1,3127.97880450009,BB
1534,TU,B71,2,3065.54915416676,BB
1535,TU,B71,3,3261.35317900009,BB
1536,TU,B71,4,2973.43657966676,BB
1537,TU,B72,1,2632.13622733342,BB
1538,TU,B72,2,2710.36566050009,BB
1539,TU,B72,3,3281.11172183342,BB
1540,TU,B72,4,3159.51362950009,BB
1541,TU,N23,1,3236.72753400047,NB
1542,TU,N23,2,3245.01585950019,NB
1543,TU,N23,3,3068.16536433352,NB
1544,TU,N23,4,3259.63380400019,NB
1545,TU,N24,1,2631.1559363335,NB
1546,TU,N24,2,2374.3168147835,NB
1547,TU,N24,3,2882.2178678335,NB
1548,TU,N24,4,2489.40491542624,NB
1549,TU,N4,1,3000.67040166684,NB
1550,TU,N4,2,3420.1167813335,NB
1551,TU,N4,3,3164.7292238335,NB
1552,TU,N4,4,2861.6386083335,NB
1553,TU,N44,1,2740.58965800017,NB
1554,TU,N44,2,2867.06930550017,NB
1555,TU,N44,3,3096.7303228335,NB
1556,TU,N44,4,3019.5554773335,NB
1557,TU,N47,1,3540.96141716684,NB
1558,TU,N47,2,3332.5679883335,NB
1559,TU,N47,3,3542.99586850017,NB
1560,TU,N47,4,3753.18820004303,NB
1561,TU,N5,1,3319.63040466684,NB
1562,TU,N5,2,3161.06402366684,NB
1563,TU,N5,3,3391.46740266684,NB
1564,TU,N5,4,2975.39456600017,NB
1565,TU,N6,1,3087.54984850017,NB
1566,TU,N6,2,2892.67168816684,NB
1567,TU,N6,3,3065.35896216684,NB
1568,TU,N6,4,2925.81139000017,NB
1569,TU,N60,1,3187.92113358771,NB
1570,TU,N60,2,3420.6933163335,NB
1571,TU,N60,3,2967.72082650017,NB
1572,TU,N60,4,2865.37151900017,NB
1573,TU,N7,1,3391.02617016684,NB
1574,TU,N7,2,3192.3558103335,NB
1575,TU,N7,3,3429.95462800017,NB
1576,TU,N7,4,3039.73914216684,NB
1577,TU,R16,1,2878.01418866668,SR
1578,TU,R16,2,3006.14970850001,SR
1579,TU,R16,3,3177.41138483334,SR
1580,TU,R16,4,3125.61137983334,SR
1581,TU,R21,1,3717.06322350001,SR
1582,TU,R21,2,3557.25437483334,SR
1583,TU,R21,3,3870.07070683334,SR
1584,TU,R21,4,3879.14849416667,SR
1585,BA,N1,1,2968.754906,NB
1586,HU,N1,1,2042.109139,NB
1587,SA,N1,1,3365.933838,NB
1588,TU,N1,1,3759.960557,NB
1589,BA,N1,2,3463.232169,NB
1590,HU,N1,2,2654.163975,NB
1591,SA,N1,2,3308.458475,NB
1592,TU,N1,2,2402.932539,NB
1593,BA,N1,3,2436.030783,NB
1594,HU,N1,3,2641.55512,NB
1595,SA,N1,3,1327.081987,NB
1596,TU,N1,3,2146.027119,NB
1597,BA,N1,4,2667.718494,NB
1598,HU,N1,4,2402.932539,NB
1599,SA,N1,4,3808.81987,NB
1600,TU,N1,4,2146.027119,NB
1601,BA,N2,1,2151.0071,NB
1602,HU,N2,1,2868.3831,NB
1603,SA,N2,1,2950.2088,NB
1604,TU,N2,1,2506.3324,NB
1605,BA,N2,2,2703.815925,NB
1606,HU,N2,2,3212.589072,NB
1607,SA,N2,2,3581.553483,NB
1608,TU,N2,2,2799.573291,NB
1609,BA,N2,3,1598.198275,NB
1610,HU,N2,3,2524.177128,NB
1611,SA,N2,3,2318.864117,NB
1612,TU,N2,3,2213.091509,NB
1613,BA,N2,4,NA,NB
1614,HU,N2,4,NA,NB
1615,SA,N2,4,NA,NB
1616,TU,N2,4,NA,NB
1617,BA,B5,1,2972.722236,BB
1618,HU,B5,1,4529.318079,BB
1619,SA,B5,1,2469.718714,BB
1620,TU,B5,1,3179.210898,BB
1621,BA,B5,2,4317.03011,BB
1622,HU,B5,2,3127.695906,BB
1623,SA,B5,2,2388.409338,BB
1624,TU,B5,2,3113.870454,BB
1625,BA,B5,3,4065.230644,BB
1626,HU,B5,3,4684.577547,BB
1627,SA,B5,3,3079.646209,BB
1628,TU,B5,3,3052.209653,BB
1629,BA,B5,4,1708.49719,BB
1630,HU,B5,4,5097.62632,BB
1631,SA,B5,4,2893.056195,BB
1632,TU,B5,4,3498.160858,BB
1633,BA,B6,1,2730.5124,BB
1634,HU,B6,1,3497.208,BB
1635,SA,B6,1,2693.5227,BB
1636,TU,B6,1,3733.7179,BB
1637,BA,B6,2,3282.075905,BB
1638,HU,B6,2,3839.934384,BB
1639,SA,B6,2,3474.644283,BB
1640,TU,B6,2,4159.361741,BB
1641,BA,B6,3,2178.948895,BB
1642,HU,B6,3,3154.481616,BB
1643,SA,B6,3,1912.401117,BB
1644,TU,B6,3,3308.074059,BB
1645,BA,B6,4,NA,BB
1646,HU,B6,4,NA,BB
1647,SA,B6,4,NA,BB
1648,TU,B6,4,NA,BB
1649,BA,B7,1,2738.3587,BB
1650,HU,B7,1,3906.3365,BB
1651,SA,B7,1,3241.6428,BB
1652,TU,B7,1,3388.4807,BB
1653,BA,B7,2,3291.507157,BB
1654,HU,B7,2,4289.157477,BB
1655,SA,B7,2,4181.719212,BB
1656,TU,B7,2,3774.7675,BB
1657,BA,B7,3,2185.210243,BB
1658,HU,B7,3,3523.515523,BB
1659,SA,B7,3,2301.566388,BB
1660,TU,B7,3,3002.1939,BB
1661,BA,B7,4,NA,BB
1662,HU,B7,4,NA,BB
1663,SA,B7,4,NA,BB
1664,TU,B7,4,NA,BB
1665,BA,B8,1,2017.62,BB
1666,HU,B8,1,3252.8518,BB
1667,SA,B8,1,3932.1172,BB
1668,TU,B8,1,4188.8033,BB
1669,BA,B8,2,2441.3202,BB
1670,HU,B8,2,3870.893642,BB
1671,SA,B8,2,4679.219468,BB
1672,TU,B8,2,4817.123795,BB
1673,BA,B8,3,1593.9198,BB
1674,HU,B8,3,2634.809958,BB
1675,SA,B8,3,3185.014932,BB
1676,TU,B8,3,3560.482805,BB
1677,BA,B8,4,NA,BB
1678,HU,B8,4,NA,BB
1679,SA,B8,4,NA,BB
1680,TU,B8,4,NA,BB
1681,BA,B9,1,2743.9632,BB
1682,HU,B9,1,3401.9315,BB
1683,SA,B9,1,4179.8361,BB
1684,TU,B9,1,2548.9266,BB
1685,BA,B9,2,3128.118048,BB
1686,HU,B9,2,3976.857924,BB
1687,SA,B9,2,4459.885119,BB
1688,TU,B9,2,2913.423104,BB
1689,BA,B9,3,2359.808352,BB
1690,HU,B9,3,2827.005077,BB
1691,SA,B9,3,3899.787081,BB
1692,TU,B9,3,2184.430096,BB
1693,BA,B9,4,NA,BB
1694,HU,B9,4,NA,BB
1695,SA,B9,4,NA,BB
1696,TU,B9,4,NA,BB
1697,BA,B11,1,2523.1459,BB
1698,HU,B11,1,3874.9513,BB
1699,SA,B11,1,1951.4869,BB
1700,TU,B11,1,3441.163,BB
1701,BA,B11,2,3032.821372,BB
1702,HU,B11,2,4254.696527,BB
1703,SA,B11,2,2517.418101,BB
1704,TU,B11,2,3833.455582,BB
1705,BA,B11,3,2013.470428,BB
1706,HU,B11,3,3495.206073,BB
1707,SA,B11,3,1385.555699,BB
1708,TU,B11,3,3048.870418,BB
1709,BA,B11,4,NA,BB
1710,HU,B11,4,NA,BB
1711,SA,B11,4,NA,BB
1712,TU,B11,4,NA,BB
1713,BA,B12,1,2427.8694,BB
1714,HU,B12,1,3747.1687,BB
1715,SA,B12,1,3011.8583,BB
1716,TU,B12,1,3252.8518,BB
1717,BA,B12,2,2918.299019,BB
1718,HU,B12,2,4114.391233,BB
1719,SA,B12,2,3885.297207,BB
1720,TU,B12,2,3623.676905,BB
1721,BA,B12,3,1937.439781,BB
1722,HU,B12,3,3379.946167,BB
1723,SA,B12,3,2138.419393,BB
1724,TU,B12,3,2882.026695,BB
1725,BA,B12,4,NA,BB
1726,HU,B12,4,NA,BB
1727,SA,B12,4,NA,BB
1728,TU,B12,4,NA,BB
1729,BA,B15,1,3535.3186,BB
1730,HU,B15,1,3260.6981,BB
1731,SA,B15,1,4601.2945,BB
1732,TU,B15,1,2361.7363,BB
1733,BA,B15,2,4030.263204,BB
1734,HU,B15,2,3811.756079,BB
1735,SA,B15,2,4909.581232,BB
1736,TU,B15,2,2699.464591,BB
1737,BA,B15,3,3040.373996,BB
1738,HU,B15,3,2709.640121,BB
1739,SA,B15,3,4293.007769,BB
1740,TU,B15,3,2024.008009,BB
1741,BA,B15,4,NA,BB
1742,HU,B15,4,NA,BB
1743,SA,B15,4,NA,BB
1744,TU,B15,4,NA,BB
1745,BA,B16,1,2701.369,BB
1746,HU,B16,1,2979.3522,BB
1747,SA,B16,1,4669.6694,BB
1748,TU,B16,1,2562.3774,BB
1749,BA,B16,2,3079.56066,BB
1750,HU,B16,2,3482.862722,BB
1751,SA,B16,2,4982.53725,BB
1752,TU,B16,2,2928.797368,BB
1753,BA,B16,3,2323.17734,BB
1754,HU,B16,3,2475.841678,BB
1755,SA,B16,3,4356.80155,BB
1756,TU,B16,3,2195.957432,BB
1757,BA,B16,4,NA,BB
1758,HU,B16,4,NA,BB
1759,SA,B16,4,NA,BB
1760,TU,B16,4,NA,BB
1761,BA,B18,1,4227.01356,BB
1762,HU,B18,1,2583.974682,BB
1763,SA,B18,1,3648.897559,BB
1764,TU,B18,1,2333.058468,BB
1765,BA,B18,2,2940.174835,BB
1766,HU,B18,2,2854.644769,BB
1767,SA,B18,2,3925.136557,BB
1768,TU,B18,2,2992.39651,BB
1769,BA,B18,3,3858.309626,BB
1770,HU,B18,3,3509.464638,BB
1771,SA,B18,3,4501.36123,BB
1772,TU,B18,3,4074.551489,BB
1773,BA,B18,4,3164.612454,BB
1774,HU,B18,4,2474.277643,BB
1775,SA,B18,4,4434.114003,BB
1776,TU,B18,4,3499.587701,BB
1777,BA,B24,1,3905.592832,BB
1778,HU,B24,1,3037.473166,BB
1779,SA,B24,1,3661.821635,BB
1780,TU,B24,1,3335.672587,BB
1781,BA,B24,2,2700.291369,BB
1782,HU,B24,2,3050.922611,BB
1783,SA,B24,2,2486.045908,BB
1784,TU,B24,2,3817.330847,BB
1785,BA,B24,3,3727.492755,BB
1786,HU,B24,3,3683.361763,BB
1787,SA,B24,3,3661.821635,BB
1788,TU,B24,3,3058.067629,BB
1789,BA,B24,4,3519.656796,BB
1790,HU,B24,4,3564.103009,BB
1791,SA,B24,4,3547.291203,BB
1792,TU,B24,4,3826.892562,BB
1793,BA,B27,1,2380.709432,BB
1794,HU,B27,1,2999.016158,BB
1795,SA,B27,1,3749.747384,BB
1796,TU,B27,1,3642.467043,BB
1797,BA,B27,2,2981.153614,BB
1798,HU,B27,2,4123.568412,BB
1799,SA,B27,2,4012.642011,BB
1800,TU,B27,2,4160.690983,BB
1801,BA,B27,3,3239.382964,BB
1802,HU,B27,3,3688.027039,BB
1803,SA,B27,3,2813.571424,BB
1804,TU,B27,3,3583.436587,BB
1805,BA,B27,4,2494.031516,BB
1806,HU,B27,4,3714.316502,BB
1807,SA,B27,4,3708.264251,BB
1808,TU,B27,4,3627.567579,BB
1809,BA,B28,1,3561.371091,BB
1810,HU,B28,1,2616.33741,BB
1811,SA,B28,1,3614.433355,BB
1812,TU,B28,1,2768.694407,BB
1813,BA,B28,2,4095.356099,BB
1814,HU,B28,2,2732.864244,BB
1815,SA,B28,2,4413.099245,BB
1816,TU,B28,2,3148.010795,BB
1817,BA,B28,3,2904.449746,BB
1818,HU,B28,3,4074.551489,BB
1819,SA,B28,3,4397.338176,BB
1820,TU,B28,3,4084.218278,BB
1821,BA,B28,4,3246.149716,BB
1822,HU,B28,4,2663.620616,BB
1823,SA,B28,4,4423.606624,BB
1824,TU,B28,4,2871.456575,BB
1825,BA,B29,1,3511.040745,BB
1826,HU,B29,1,2300.275445,BB
1827,SA,B29,1,3627.357432,BB
1828,TU,B29,1,2666.77283,BB
1829,BA,B29,2,3429.608556,BB
1830,HU,B29,2,2500.756239,BB
1831,SA,B29,2,3653.205585,BB
1832,TU,B29,2,2881.543659,BB
1833,BA,B29,3,3343.868342,BB
1834,HU,B29,3,3365.933838,BB
1835,SA,B29,3,3547.291203,BB
1836,TU,B29,3,4972.091816,BB
1837,BA,B29,4,3246.149716,BB
1838,HU,B29,4,1771.544126,BB
1839,SA,B29,4,3000.907487,BB
1840,TU,B29,4,3543.088251,BB
1841,BA,B30,1,2747.049206,BB
1842,HU,B30,1,2739.378819,BB
1843,SA,B30,1,3888.150582,BB
1844,TU,B30,1,2679.381684,BB
1845,BA,B30,2,3605.502083,BB
1846,HU,B30,2,3808.81987,BB
1847,SA,B30,2,4589.623215,BB
1848,TU,B30,2,2940.384983,BB
1849,BA,B30,3,3800.308893,BB
1850,HU,B30,3,3140.655629,BB
1851,SA,B30,3,2590.068962,BB
1852,TU,B30,3,3503.685579,BB
1853,BA,B30,4,4024.851585,BB
1854,HU,B30,4,3438.119533,BB
1855,SA,B30,4,4231.531733,BB
1856,TU,B30,4,4089.051672,BB
1857,BA,B31,1,3910.321152,BB
1858,HU,B31,1,2837.832962,BB
1859,SA,B31,1,3534.682348,BB
1860,TU,B31,1,2512.524504,BB
1861,BA,B31,2,3664.238333,BB
1862,HU,B31,2,3421.728022,BB
1863,SA,B31,2,3605.817305,BB
1864,TU,B31,2,2217.057002,BB
1865,BA,B31,3,3609.915182,BB
1866,HU,B31,3,3296.795284,BB
1867,SA,B31,3,3715.829564,BB
1868,TU,B31,3,2775.208982,BB
1869,BA,B31,4,3421.202653,BB
1870,HU,B31,4,3250.14252,BB
1871,SA,B31,4,3177.431456,BB
1872,TU,B31,4,2391.584569,BB
1873,BA,B32,1,3368.455609,BB
1874,HU,B32,1,2679.381684,BB
1875,SA,B32,1,1877.773729,BB
1876,TU,B32,1,NA,BB
1877,BA,B32,2,3438.014459,BB
1878,HU,B32,2,2402.932539,BB
1879,SA,B32,2,2673.077257,BB
1880,TU,B32,2,2151.070661,BB
1881,BA,B32,3,3298.056169,BB
1882,HU,B32,3,1708.920146,BB
1883,SA,B32,3,2509.582437,BB
1884,TU,B32,3,2978.526769,BB
1885,BA,B32,4,2780.67282,BB
1886,HU,B32,4,2078.359597,BB
1887,SA,B32,4,1983.372889,BB
1888,TU,B32,4,2807.781858,BB
1889,BA,B33,1,3781.815905,BB
1890,HU,B33,1,2940.384983,BB
1891,SA,B33,1,3487.294068,BB
1892,TU,B33,1,2968.124464,BB
1893,BA,B33,2,3315.183197,BB
1894,HU,B33,2,2912.645502,BB
1895,SA,B33,2,3698.177167,BB
1896,TU,B33,2,3454.511045,BB
1897,BA,B33,3,3618.741381,BB
1898,HU,B33,3,3033.060067,BB
1899,SA,B33,3,3826.892562,BB
1900,TU,B33,3,3975.992272,BB
1901,BA,B33,4,3172.387914,BB
1902,HU,B33,4,3389.890663,BB
1903,SA,B33,4,3826.892562,BB
1904,TU,B33,4,3421.833096,BB
1905,BA,B34,1,2306.921338,BB
1906,HU,B34,1,4028.553303,BB
1907,SA,B34,1,2038.343179,BB
1908,TU,B34,1,1806.775791,BB
1909,BA,B34,2,3064.034523,BB
1910,HU,B34,2,4475.266635,BB
1911,SA,B34,2,2459.918243,BB
1912,TU,B34,2,3014.734462,BB
1913,BA,B34,3,3908.649362,BB
1914,HU,B34,3,4484.042998,BB
1915,SA,B34,3,1174.627543,BB
1916,TU,B34,3,3179.925391,BB
1917,BA,B34,4,2580.751025,BB
1918,HU,B34,4,5310.164361,BB
1919,SA,B34,4,2144.290678,BB
1920,TU,B34,4,4082.85482,BB
1921,BA,B36,1,2677.490356,BB
1922,HU,B36,1,2232.81807,BB
1923,SA,B36,1,2765.43712,BB
1924,TU,B36,1,1722.89496,BB
1925,BA,B36,2,3199.602026,BB
1926,HU,B36,2,3365.933838,BB
1927,SA,B36,2,3107.557385,BB
1928,TU,B36,2,2518.408636,BB
1929,BA,B36,3,3758.699671,BB
1930,HU,B36,3,2837.832962,BB
1931,SA,B36,3,3534.682348,BB
1932,TU,B36,3,2405.769531,BB
1933,BA,B36,4,3026.650566,BB
1934,HU,B36,4,3413.847487,BB
1935,SA,B36,4,3397.876271,BB
1936,TU,B36,4,1700.934538,BB
1937,BA,B37,1,3545.504948,BB
1938,HU,B37,1,3054.49512,BB
1939,SA,B37,1,3648.897559,BB
1940,TU,B37,1,2891.630743,BB
1941,BA,B37,2,3278.092149,BB
1942,HU,B37,2,3576.711864,BB
1943,SA,B37,2,3114.91255,BB
1944,TU,B37,2,2985.461639,BB
1945,BA,B37,3,4383.468436,BB
1946,HU,B37,3,4329.985876,BB
1947,SA,B37,3,4766.147185,BB
1948,TU,B37,3,2402.932539,BB
1949,BA,B37,4,4079.174736,BB
1950,HU,B37,4,2515.46657,BB
1951,SA,B37,4,4376.323418,BB
1952,TU,B37,4,2905.080189,BB
1953,BA,B38,1,3668.756506,BB
1954,HU,B38,1,3169.866143,BB
1955,SA,B38,1,4064.8847,BB
1956,TU,B38,1,2827.745878,BB
1957,BA,B38,2,3536.888897,BB
1958,HU,B38,2,3114.91255,BB
1959,SA,B38,2,3995.430924,BB
1960,TU,B38,2,3312.346205,BB
1961,BA,B38,3,3254.135324,BB
1962,HU,B38,3,3509.464638,BB
1963,SA,B38,3,4444.621383,BB
1964,TU,B38,3,2834.470601,BB
1965,BA,B38,4,4044.605458,BB
1966,HU,B38,4,2030.025653,BB
1967,SA,B38,4,3724.655763,BB
1968,TU,B38,4,3114.91255,BB
1969,BA,N11,1,2148.7653,NB
1970,HU,N11,1,2700.2481,NB
1971,SA,N11,1,4093.5268,NB
1972,TU,N11,1,2663.2584,NB
1973,BA,N11,2,2640.832554,NB
1974,HU,N11,2,3124.187052,NB
1975,SA,N11,2,4457.850685,NB
1976,TU,N11,2,2974.859633,NB
1977,BA,N11,3,1656.698046,NB
1978,HU,N11,3,2276.309148,NB
1979,SA,N11,3,3729.202915,NB
1980,TU,N11,3,2351.657167,NB
1981,BA,N11,4,NA,NB
1982,HU,N11,4,NA,NB
1983,SA,N11,4,NA,NB
1984,TU,N11,4,NA,NB
1985,BA,N19,1,2167.146951,NB
1986,HU,N19,1,2590.068962,NB
1987,SA,N19,1,2391.584569,NB
1988,TU,N19,1,3230.388647,NB
1989,BA,N19,2,1981.691709,NB
1990,HU,N19,2,2500.756239,NB
1991,SA,N19,2,1855.708233,NB
1992,TU,N19,2,2599.210382,NB
1993,BA,N19,3,3384.847121,NB
1994,HU,N19,3,2135.940035,NB
1995,SA,N19,3,1413.872939,NB
1996,TU,N19,3,2417.117501,NB
1997,BA,N19,4,3627.567579,NB
1998,HU,N19,4,1698.938136,NB
1999,SA,N19,4,2397.258554,NB
2000,TU,N19,4,1118.405437,NB
2001,BA,N20,1,2352.7691,NB
2002,HU,N20,1,2910.9773,NB
2003,SA,N20,1,2432.353,NB
2004,TU,N20,1,2387.517,NB
2005,BA,N20,2,2957.430759,NB
2006,HU,N20,2,3260.294576,NB
2007,SA,N20,2,2952.876542,NB
2008,TU,N20,2,2666.856489,NB
2009,BA,N20,3,1748.107441,NB
2010,HU,N20,3,2561.660024,NB
2011,SA,N20,3,1911.829458,NB
2012,TU,N20,3,2108.177511,NB
2013,BA,N20,4,NA,NB
2014,HU,N20,4,NA,NB
2015,SA,N20,4,NA,NB
2016,TU,N20,4,NA,NB
2017,BA,N27,1,2961.4178,NB
2018,HU,N27,1,3067.9033,NB
2019,SA,N27,1,3506.1752,NB
2020,TU,N27,1,2866.1413,NB
2021,BA,N27,2,3722.502175,NB
2022,HU,N27,2,3436.051696,NB
2023,SA,N27,2,4256.496693,NB
2024,TU,N27,2,3201.479832,NB
2025,BA,N27,3,2200.333425,NB
2026,HU,N27,3,2699.754904,NB
2027,SA,N27,3,2755.853707,NB
2028,TU,N27,3,2530.802768,NB
2029,BA,N27,4,NA,NB
2030,HU,N27,4,NA,NB
2031,SA,N27,4,NA,NB
2032,TU,N27,4,NA,NB
2033,BA,N28,1,1709.3725,NB
2034,HU,N28,1,2844.8442,NB
2035,SA,N28,1,2198.0849,NB
2036,TU,N28,1,2289.9987,NB
2037,BA,N28,2,2148.681233,NB
2038,HU,N28,2,3186.225504,NB
2039,SA,N28,2,2668.475069,NB
2040,TU,N28,2,2557.928548,NB
2041,BA,N28,3,1270.063768,NB
2042,HU,N28,3,2503.462896,NB
2043,SA,N28,3,1727.694731,NB
2044,TU,N28,3,2022.068852,NB
2045,BA,N28,4,NA,NB
2046,HU,N28,4,NA,NB
2047,SA,N28,4,NA,NB
2048,TU,N28,4,NA,NB
2049,BA,N29,1,2588.1581,NB
2050,HU,N29,1,3054.4525,NB
2051,SA,N29,1,3158.6962,NB
2052,TU,N29,1,2984.9567,NB
2053,BA,N29,2,3253.314732,NB
2054,HU,N29,2,3420.9868,NB
2055,SA,N29,2,3834.657187,NB
2056,TU,N29,2,3334.196634,NB
2057,BA,N29,3,1923.001468,NB
2058,HU,N29,3,2687.9182,NB
2059,SA,N29,3,2482.735213,NB
2060,TU,N29,3,2635.716766,NB
2061,BA,N29,4,NA,NB
2062,HU,N29,4,NA,NB
2063,SA,N29,4,NA,NB
2064,TU,N29,4,NA,NB
2065,BA,N30,1,2418.9022,NB
2066,HU,N30,1,2662.1375,NB
2067,SA,N30,1,3806.5764,NB
2068,TU,N30,1,2407.6932,NB
2069,BA,N30,2,2972.830804,NB
2070,HU,N30,2,3080.093088,NB
2071,SA,N30,2,4145.3617,NB
2072,TU,N30,2,2689.393304,NB
2073,BA,N30,3,1864.973596,NB
2074,HU,N30,3,2244.181913,NB
2075,SA,N30,3,3467.7911,NB
2076,TU,N30,3,2125.993096,NB
2077,BA,N30,4,NA,NB
2078,HU,N30,4,NA,NB
2079,SA,N30,4,NA,NB
2080,TU,N30,4,NA,NB
2081,BA,N32,1,1565.8973,NB
2082,HU,N32,1,3212.4994,NB
2083,SA,N32,1,3099.2885,NB
2084,TU,N32,1,2532.1131,NB
2085,BA,N32,2,2035.66649,NB
2086,HU,N32,2,3630.124322,NB
2087,SA,N32,2,3595.17466,NB
2088,TU,N32,2,3089.177982,NB
2089,BA,N32,3,1096.12811,NB
2090,HU,N32,3,2794.874478,NB
2091,SA,N32,3,2603.40234,NB
2092,TU,N32,3,1975.048218,NB
2093,BA,N32,4,NA,NB
2094,HU,N32,4,NA,NB
2095,SA,N32,4,NA,NB
2096,TU,N32,4,NA,NB
2097,BA,N34,1,1848.3641,NB
2098,HU,N34,1,3540.9231,NB
2099,SA,N34,1,3051.0898,NB
2100,TU,N34,1,4048.6908,NB
2101,BA,N34,2,2402.87333,NB
2102,HU,N34,2,4001.243103,NB
2103,SA,N34,2,3539.264168,NB
2104,TU,N34,2,4939.402776,NB
2105,BA,N34,3,1293.85487,NB
2106,HU,N34,3,3080.603097,NB
2107,SA,N34,3,2562.915432,NB
2108,TU,N34,3,3157.978824,NB
2109,BA,N34,4,NA,NB
2110,HU,N34,4,NA,NB
2111,SA,N34,4,NA,NB
2112,TU,N34,4,NA,NB
2113,BA,N35,1,4035.716215,NB
2114,HU,N35,1,2637.709419,NB
2115,SA,N35,1,2700.963841,NB
2116,TU,N35,1,3870.655796,NB
2117,BA,N35,2,3837.294867,NB
2118,HU,N35,2,2086.597382,NB
2119,SA,N35,2,2919.832549,NB
2120,TU,N35,2,3146.550269,NB
2121,BA,N35,3,4376.176315,NB
2122,HU,N35,3,2561.909186,NB
2123,SA,N35,3,3255.774475,NB
2124,TU,N35,3,3867.051765,NB
2125,BA,N35,4,2111.920166,NB
2126,HU,N35,4,2305.529134,NB
2127,SA,N35,4,2869.901483,NB
2128,TU,N35,4,3524.994544,NB
2129,BA,N40,1,3124.474266,NB
2130,HU,N40,1,3203.910052,NB
2131,SA,N40,1,4281.967153,NB
2132,TU,N40,1,3934.383051,NB
2133,BA,N40,2,3219.040678,NB
2134,HU,N40,2,2943.852418,NB
2135,SA,N40,2,1241.551921,NB
2136,TU,N40,2,3304.570744,NB
2137,BA,N40,3,3135.822235,NB
2138,HU,N40,3,2188.897226,NB
2139,SA,N40,3,3915.890063,NB
2140,TU,N40,3,3479.098312,NB
2141,BA,N40,4,2807.57171,NB
2142,HU,N40,4,3111.234968,NB
2143,SA,N40,4,4212.513377,NB
2144,TU,N40,4,2456.835394,NB
2145,BA,N42,1,2760.498652,NB
2146,HU,N42,1,2227.564381,NB
2147,SA,N42,1,3385.897859,NB
2148,TU,N42,1,2682.533898,NB
2149,BA,N42,2,2597.424127,NB
2150,HU,N42,2,2660.468402,NB
2151,SA,N42,2,3269.581172,NB
2152,TU,N42,2,2781.723557,NB
2153,BA,N42,3,3113.126296,NB
2154,HU,N42,3,2841.195323,NB
2155,SA,N42,3,1147.405804,NB
2156,TU,N42,3,3920.51331,NB
2157,BA,N42,4,2430.146651,NB
2158,HU,N42,4,2436.976447,NB
2159,SA,N42,4,2824.383517,NB
2160,TU,N42,4,2617.493221,NB
2161,BA,N43,1,3187.938836,NB
2162,HU,N43,1,2762.179832,NB
2163,SA,N43,1,1152.869641,NB
2164,TU,N43,1,3144.333212,NB
2165,BA,N43,2,3056.071227,NB
2166,HU,N43,2,2765.43712,NB
2167,SA,N43,2,1422.278842,NB
2168,TU,N43,2,3144.333212,NB
2169,BA,N43,3,2853.699105,NB
2170,HU,N43,3,3899.183331,NB
2171,SA,N43,3,3281.244362,NB
2172,TU,N43,3,2861.369491,NB
2173,BA,N43,4,2346.192691,NB
2174,HU,N43,4,3203.910052,NB
2175,SA,N43,4,4009.615886,NB
2176,TU,N43,4,1450.858914,NB
2177,BA,N45,1,3571.353101,NB
2178,HU,N45,1,2682.533898,NB
2179,SA,N45,1,3203.910052,NB
2180,TU,N45,1,2521.350702,NB
2181,BA,N45,2,2943.747344,NB
2182,HU,N45,2,2327.59463,NB
2183,SA,N45,2,3572.508913,NB
2184,TU,N45,2,2434.139455,NB
2185,BA,N45,3,2958.03738,NB
2186,HU,N45,3,3487.294068,NB
2187,SA,N45,3,3674.745712,NB
2188,TU,N45,3,2524.292768,NB
2189,BA,N45,4,2275.688177,NB
2190,HU,N45,4,1635.998934,NB
2191,SA,N45,4,3365.933838,NB
2192,TU,N45,4,1465.98954,NB
2193,BA,B47,1,3120.691609,BB
2194,HU,B47,1,2912.645502,BB
2195,SA,B47,1,3289.019823,BB
2196,TU,B47,1,1539.751341,BB
2197,BA,B47,2,3814.178633,BB
2198,HU,B47,2,3458.608923,BB
2199,SA,B47,2,3724.655763,BB
2200,TU,B47,2,3140.655629,BB
2201,BA,B47,3,2750.411568,BB
2202,HU,B47,3,3369.926643,BB
2203,SA,B47,3,4261.792985,BB
2204,TU,B47,3,2599.210382,BB
2205,BA,B47,4,3489.500617,BB
2206,HU,B47,4,2214.430157,BB
2207,SA,B47,4,3795.265351,BB
2208,TU,B47,4,3729.068862,BB
2209,BA,N46,1,2488.398,NB
2210,HU,N46,1,3397.4479,NB
2211,SA,N46,1,2351.6482,NB
2212,TU,N46,1,2974.8686,NB
2213,BA,N46,2,3127.916286,NB
2214,HU,N46,2,3805.141648,NB
2215,SA,N46,2,2854.900915,NB
2216,TU,N46,2,3322.928226,NB
2217,BA,N46,3,1848.879714,NB
2218,HU,N46,3,2989.754152,NB
2219,SA,N46,3,1848.395485,NB
2220,TU,N46,3,2626.808974,NB
2221,BA,N46,4,NA,NB
2222,HU,N46,4,NA,NB
2223,SA,N46,4,NA,NB
2224,TU,N46,4,NA,NB
2225,BA,N51,1,2341.5601,NB
2226,HU,N51,1,3436.6794,NB
2227,SA,N51,1,2817.9426,NB
2228,TU,N51,1,2268.7016,NB
2229,BA,N51,2,2943.341046,NB
2230,HU,N51,2,3849.080928,NB
2231,SA,N51,2,3420.982316,NB
2232,TU,N51,2,2534.139687,NB
2233,BA,N51,3,1739.779154,NB
2234,HU,N51,3,3024.277872,NB
2235,SA,N51,3,2214.902884,NB
2236,TU,N51,3,2003.263513,NB
2237,BA,N51,4,NA,NB
2238,HU,N51,4,NA,NB
2239,SA,N51,4,NA,NB
2240,TU,N51,4,NA,NB
2241,BA,B48,1,3076.8705,BB
2242,HU,B48,1,3883.9185,BB
2243,SA,B48,1,2998.4075,BB
2244,TU,B48,1,2777.5902,BB
2245,BA,B48,2,3698.398341,BB
2246,HU,B48,2,4264.542513,BB
2247,SA,B48,2,3867.945675,BB
2248,TU,B48,2,3094.235483,BB
2249,BA,B48,3,2455.342659,BB
2250,HU,B48,3,3503.294487,BB
2251,SA,B48,3,2128.869325,BB
2252,TU,B48,3,2460.944917,BB
2253,BA,B48,4,NA,BB
2254,HU,B48,4,NA,BB
2255,SA,B48,4,NA,BB
2256,TU,B48,4,NA,BB
2257,BA,B49,1,2125.2264,BB
2258,HU,B49,1,3135.1573,BB
2259,SA,B49,1,2149.8862,BB
2260,TU,B49,1,2964.7805,BB
2261,BA,B49,2,2554.522133,BB
2262,HU,B49,2,3442.402715,BB
2263,SA,B49,2,2773.353198,BB
2264,TU,B49,2,3302.765477,BB
2265,BA,B49,3,1695.930667,BB
2266,HU,B49,3,2827.911885,BB
2267,SA,B49,3,1526.419202,BB
2268,TU,B49,3,2626.795523,BB
2269,BA,B49,4,NA,BB
2270,HU,B49,4,NA,BB
2271,SA,B49,4,NA,BB
2272,TU,B49,4,NA,BB
2273,BA,B50,1,1384.3115,BB
2274,HU,B50,1,3148.6081,BB
2275,SA,B50,1,1704.8889,BB
2276,TU,B50,1,1886.4747,BB
2277,BA,B50,2,1663.942423,BB
2278,HU,B50,2,3457.171694,BB
2279,SA,B50,2,2199.306681,BB
2280,TU,B50,2,2101.532816,BB
2281,BA,B50,3,1104.680577,BB
2282,HU,B50,3,2840.044506,BB
2283,SA,B50,3,1210.471119,BB
2284,TU,B50,3,1671.416584,BB
2285,BA,B50,4,NA,BB
2286,HU,B50,4,NA,BB
2287,SA,B50,4,NA,BB
2288,TU,B50,4,NA,BB
2289,BA,N55,1,2649.8076,NB
2290,HU,N55,1,3367.1836,NB
2291,SA,N55,1,3882.7976,NB
2292,TU,N55,1,2869.504,NB
2293,BA,N55,2,3256.61354,NB
2294,HU,N55,2,3895.831425,NB
2295,SA,N55,2,4228.366586,NB
2296,TU,N55,2,3205.235968,NB
2297,BA,N55,3,2043.00166,NB
2298,HU,N55,3,2838.535775,NB
2299,SA,N55,3,3537.228614,NB
2300,TU,N55,3,2533.772032,NB
2301,BA,N55,4,NA,NB
2302,HU,N55,4,NA,NB
2303,SA,N55,4,NA,NB
2304,TU,N55,4,NA,NB
2305,BA,N56,1,3673.274679,NB
2306,HU,N56,1,3429.818704,NB
2307,SA,N56,1,3454.511045,NB
2308,TU,N56,1,3804.301697,NB
2309,BA,N56,2,3071.517075,NB
2310,HU,N56,2,2745.893395,NB
2311,SA,N56,2,2824.383517,NB
2312,TU,N56,2,2125.852951,NB
2313,BA,N56,3,3335.672587,NB
2314,HU,N56,3,3234.591599,NB
2315,SA,N56,3,3169.866143,NB
2316,TU,N56,3,2402.932539,NB
2317,BA,N56,4,2763.861013,NB
2318,HU,N56,4,1951.010161,NB
2319,SA,N56,4,3192.562082,NB
2320,TU,N56,4,1692.948929,NB
2321,BA,N59,1,2535.4758,NB
2322,HU,N59,1,3186.7187,NB
2323,SA,N59,1,3177.7515,NB
2324,TU,N59,1,3200.1695,NB
2325,BA,N59,2,3116.099758,NB
2326,HU,N59,2,3687.033536,NB
2327,SA,N59,2,3460.571384,NB
2328,TU,N59,2,3574.589332,NB
2329,BA,N59,3,1954.851842,NB
2330,HU,N59,3,2686.403864,NB
2331,SA,N59,3,2894.931617,NB
2332,TU,N59,3,2825.749669,NB
2333,BA,N59,4,NA,NB
2334,HU,N59,4,NA,NB
2335,SA,N59,4,NA,NB
2336,TU,N59,4,NA,NB
2337,BA,N61,1,3088.613104,NB
2338,HU,N61,1,NA,NB
2339,SA,N61,1,1673.844249,NB
2340,TU,N61,1,3737.444778,NB
2341,BA,N61,2,4117.555394,NB
2342,HU,N61,2,2311.625088,NB
2343,SA,N61,2,1855.301817,NB
2344,TU,N61,2,3114.382508,NB
2345,BA,N61,3,4077.377035,NB
2346,HU,N61,3,2108.030125,NB
2347,SA,N61,3,2610.569227,NB
2348,TU,N61,3,3441.358614,NB
2349,BA,N61,4,2949.429743,NB
2350,HU,N61,4,3907.99441,NB
2351,SA,N61,4,3093.185864,NB
2352,TU,N61,4,3245.301559,NB
2353,BA,B54,1,3350.3701,BB
2354,HU,B54,1,3755.015,BB
2355,SA,B54,1,4680.8784,BB
2356,TU,B54,1,3626.1115,BB
2357,BA,B54,2,3819.421914,BB
2358,HU,B54,2,4389.612535,BB
2359,SA,B54,2,4994.497253,BB
2360,TU,B54,2,4144.645445,BB
2361,BA,B54,3,2881.318286,BB
2362,HU,B54,3,3120.417465,BB
2363,SA,B54,3,4367.259547,BB
2364,TU,B54,3,3107.577556,BB
2365,BA,B54,4,NA,BB
2366,HU,B54,4,NA,BB
2367,SA,B54,4,NA,BB
2368,TU,B54,4,NA,BB
2369,BA,B55,1,1851.7268,BB
2370,HU,B55,1,3442.2839,BB
2371,SA,B55,1,2904.2519,BB
2372,TU,B55,1,2409.935,BB
2373,BA,B55,2,2225.775614,BB
2374,HU,B55,2,3779.627722,BB
2375,SA,B55,2,3746.484951,BB
2376,TU,B55,2,2684.66759,BB
2377,BA,B55,3,1477.677986,BB
2378,HU,B55,3,3104.940078,BB
2379,SA,B55,3,2062.018849,BB
2380,TU,B55,3,2135.20241,BB
2381,BA,B55,4,NA,BB
2382,HU,B55,4,NA,BB
2383,SA,B55,4,NA,BB
2384,TU,B55,4,NA,BB
2385,BA,B56,1,2692.4018,BB
2386,HU,B56,1,3853.6542,BB
2387,SA,B56,1,2384.1543,BB
2388,TU,B56,1,3225.9502,BB
2389,BA,B56,2,3236.266964,BB
2390,HU,B56,2,4231.312312,BB
2391,SA,B56,2,3075.559047,BB
2392,TU,B56,2,3593.708523,BB
2393,BA,B56,3,2148.536636,BB
2394,HU,B56,3,3475.996088,BB
2395,SA,B56,3,1692.749553,BB
2396,TU,B56,3,2858.191877,BB
2397,BA,B56,4,NA,BB
2398,HU,B56,4,NA,BB
2399,SA,B56,4,NA,BB
2400,TU,B56,4,NA,BB
2401,BA,B57,1,3899.183331,BB
2402,HU,B57,1,3956.910872,BB
2403,SA,B57,1,3476.734152,BB
2404,TU,B57,1,2196.462539,BB
2405,BA,B57,2,2672.131593,BB
2406,HU,B57,2,2801.120179,BB
2407,SA,B57,2,3384.68951,BB
2408,TU,B57,2,3829.057082,BB
2409,BA,B57,3,2629.723811,BB
2410,HU,B57,3,3876.550436,BB
2411,SA,B57,3,3287.821982,BB
2412,TU,B57,3,3504.421096,BB
2413,BA,B57,4,2208.756172,BB
2414,HU,B57,4,2975.647747,BB
2415,SA,B57,4,2936.812474,BB
2416,TU,B57,4,3893.782538,BB
2417,BA,B60,1,3083.20128,BB
2418,HU,B60,1,3675.35514,BB
2419,SA,B60,1,3076.056262,BB
2420,TU,B60,1,3999.339669,BB
2421,BA,B60,2,3912.527702,BB
2422,HU,B60,2,3116.43612,BB
2423,SA,B60,2,3840.57317,BB
2424,TU,B60,2,3051.815739,BB
2425,BA,B60,3,2890.20174,BB
2426,HU,B60,3,2990.063871,BB
2427,SA,B60,3,3233.477817,BB
2428,TU,B60,3,3876.466377,BB
2429,BA,B60,4,3279.09035,BB
2430,HU,B60,4,2995.674812,BB
2431,SA,B60,4,3481.641098,BB
2432,TU,B60,4,4122.780359,BB
2433,BA,N62,1,3207.377487,NB
2434,HU,N62,1,2402.932539,NB
2435,SA,N62,1,2742.636107,NB
2436,TU,N62,1,4098.718461,NB
2437,BA,N62,2,3143.387548,NB
2438,HU,N62,2,2503.698305,NB
2439,SA,N62,2,3043.777594,NB
2440,TU,N62,2,3674.745712,NB
2441,BA,N62,3,3549.812974,NB
2442,HU,N62,3,2135.940035,NB
2443,SA,N62,3,1327.081987,NB
2444,TU,N62,3,2871.456575,NB
2445,BA,N62,4,2610.032982,NB
2446,HU,N62,4,2153.592432,NB
2447,SA,N62,4,3580.914816,NB
2448,TU,N62,4,2691.990539,NB
2449,BA,B62,1,3145.173802,BB
2450,HU,B62,1,2441.914916,BB
2451,SA,B62,1,3860.411102,BB
2452,TU,B62,1,3008.052504,BB
2453,BA,B62,2,3985.34384,BB
2454,HU,B62,2,3329.998602,BB
2455,SA,B62,2,4040.717728,BB
2456,TU,B62,2,2647.859547,BB
2457,BA,B62,3,3528.272846,BB
2458,HU,B62,3,3503.685579,BB
2459,SA,B62,3,4340.283108,BB
2460,TU,B62,3,2676.229471,BB
2461,BA,B62,4,3137.398342,BB
2462,HU,B62,4,3139.604891,BB
2463,SA,B62,4,4138.436354,BB
2464,TU,B62,4,4314.540029,BB
2465,BA,B64,1,4096.513557,BB
2466,HU,B64,1,3746.423582,BB
2467,SA,B64,1,2669.026715,BB
2468,TU,B64,1,2345.206289,BB
2469,BA,B64,2,4013.703744,BB
2470,HU,B64,2,3348.926954,BB
2471,SA,B64,2,1750.842847,BB
2472,TU,B64,2,3504.388861,BB
2473,BA,B64,3,2663.394123,BB
2474,HU,B64,3,4635.872897,BB
2475,SA,B64,3,2564.603469,BB
2476,TU,B64,3,3198.930922,BB
2477,BA,B64,4,2986.369065,BB
2478,HU,B64,4,4763.95779,BB
2479,SA,B64,4,2600.280518,BB
2480,TU,B64,4,3639.059004,BB
2481,BA,B65,1,3514.737111,BB
2482,HU,B65,1,4241.234243,BB
2483,SA,B65,1,1729.074607,BB
2484,TU,B65,1,2237.794079,BB
2485,BA,B65,2,3600.047651,BB
2486,HU,B65,2,3953.817269,BB
2487,SA,B65,2,2303.110705,BB
2488,TU,B65,2,3262.520856,BB
2489,BA,B65,3,4219.727985,BB
2490,HU,B65,3,4119.651242,BB
2491,SA,B65,3,2803.315794,BB
2492,TU,B65,3,3086.612522,BB
2493,BA,B65,4,3078.419662,BB
2494,HU,B65,4,3662.73256,BB
2495,SA,B65,4,1726.978759,BB
2496,TU,B65,4,4357.160836,BB
2497,BA,B67,1,4423.954083,BB
2498,HU,B67,1,4119.651242,BB
2499,SA,B67,1,1982.100621,BB
2500,TU,B67,1,2870.192399,BB
2501,BA,B67,2,4372.98687,BB
2502,HU,B67,2,4054.144084,BB
2503,SA,B67,2,2371.714003,BB
2504,TU,B67,2,3731.419215,BB
2505,BA,B67,3,2775.33146,BB
2506,HU,B67,3,4651.460766,BB
2507,SA,B67,3,2423.657691,BB
2508,TU,B67,3,3234.393623,BB
2509,BA,B67,4,4005.165545,BB
2510,HU,B67,4,3840.74865,BB
2511,SA,B67,4,2574.392032,BB
2512,TU,B67,4,3578.446127,BB
2513,BA,R6,1,2716.577807,SR
2514,HU,R6,1,3592.893228,SR
2515,SA,R6,1,4142.21901,SR
2516,TU,R6,1,3177.431456,SR
2517,BA,R6,2,3509.464638,SR
2518,HU,R6,2,3393.042877,SR
2519,SA,R6,2,4862.604925,SR
2520,TU,R6,2,3268.215212,SR
2521,BA,R6,3,3417.630144,SR
2522,HU,R6,3,3388.944999,SR
2523,SA,R6,3,4868.27891,SR
2524,TU,R6,3,2992.39651,SR
2525,BA,R6,4,3711.416465,SR
2526,HU,R6,4,3592.893228,SR
2527,SA,R6,4,2360.377653,SR
2528,TU,R6,4,3735.058068,SR
2529,BA,R11,1,3011.625013,SR
2530,HU,R11,1,3211.475365,SR
2531,SA,R11,1,2981.994204,SR
2532,TU,R11,1,3083.075192,SR
2533,BA,R11,2,2990.18996,SR
2534,HU,R11,2,3196.344739,SR
2535,SA,R11,2,4075.812374,SR
2536,TU,R11,2,2669.294601,SR
2537,BA,R11,3,3361.941034,SR
2538,HU,R11,3,2580.927542,SR
2539,SA,R11,3,3618.741381,SR
2540,TU,R11,3,3199.496953,SR
2541,BA,R11,4,3454.511045,SR
2542,HU,R11,4,2775.208982,SR
2543,SA,R11,4,3894.665158,SR
2544,TU,R11,4,3108.082754,SR
2545,BA,R14,1,3698.177167,SR
2546,HU,R14,1,3957.604359,SR
2547,SA,R14,1,4766.987775,SR
2548,TU,R14,1,3170.076291,SR
2549,BA,R14,2,3985.974282,SR
2550,HU,R14,2,4216.401107,SR
2551,SA,R14,2,4033.257489,SR
2552,TU,R14,2,3184.786622,SR
2553,BA,R14,3,3874.280842,SR
2554,HU,R14,3,3517.870541,SR
2555,SA,R14,3,4217.451845,SR
2556,TU,R14,3,4022.22474,SR
2557,BA,R14,4,3888.150582,SR
2558,HU,R14,4,2638.402906,SR
2559,SA,R14,4,4302.141321,SR
2560,TU,R14,4,3100.937736,SR
2561,BA,B69,1,2463.7382,BB
2562,HU,B69,1,3270.7862,BB
2563,SA,B69,1,2295.6032,BB
2564,TU,B69,1,3281.9952,BB
2565,BA,B69,2,2961.413316,BB
2566,HU,B69,2,3591.323248,BB
2567,SA,B69,2,2961.328128,BB
2568,TU,B69,2,3656.142653,BB
2569,BA,B69,3,1966.063084,BB
2570,HU,B69,3,2950.249152,BB
2571,SA,B69,3,1629.878272,BB
2572,TU,B69,3,2907.847747,BB
2573,BA,B69,4,NA,BB
2574,HU,B69,4,NA,BB
2575,SA,B69,4,NA,BB
2576,TU,B69,4,NA,BB
2577,BA,R17,1,3064.5406,SR
2578,HU,R17,1,3965.7442,SR
2579,SA,R17,1,2018.7409,SR
2580,TU,R17,1,3243.8846,SR
2581,BA,R17,2,3536.479852,SR
2582,HU,R17,2,4401.976062,SR
2583,SA,R17,2,2618.306947,SR
2584,TU,R17,2,3548.809752,SR
2585,BA,R17,3,2592.601348,SR
2586,HU,R17,3,3529.512338,SR
2587,SA,R17,3,1419.174853,SR
2588,TU,R17,3,2938.959448,SR
2589,BA,R17,4,NA,SR
2590,HU,R17,4,NA,SR
2591,SA,R17,4,NA,SR
2592,TU,R17,4,NA,SR
2593,BA,R20,1,1722.8233,SR
2594,HU,R20,1,2749.5677,SR
2595,SA,R20,1,3410.8987,SR
2596,TU,R20,1,3835.7198,SR
2597,BA,R20,2,2119.072659,SR
2598,HU,R20,2,3326.976917,SR
2599,SA,R20,2,3990.751479,SR
2600,TU,R20,2,4372.720572,SR
2601,BA,R20,3,1326.573941,SR
2602,HU,R20,3,2172.158483,SR
2603,SA,R20,3,2831.045921,SR
2604,TU,R20,3,3298.719028,SR
2605,BA,R20,4,NA,SR
2606,HU,R20,4,NA,SR
2607,SA,R20,4,NA,SR
2608,TU,R20,4,NA,SR
2609,BA,N71,1,2358.3736,NB
2610,HU,N71,1,3010.7374,NB
2611,SA,N71,1,2759.6558,NB
2612,TU,N71,1,2893.0429,NB
2613,BA,N71,2,2964.475615,NB
2614,HU,N71,2,3372.025888,NB
2615,SA,N71,2,3350.222141,NB
2616,TU,N71,2,3231.528919,NB
2617,BA,N71,3,1752.271585,NB
2618,HU,N71,3,2649.448912,NB
2619,SA,N71,3,2169.089459,NB
2620,TU,N71,3,2554.556881,NB
2621,BA,N71,4,NA,NB
2622,HU,N71,4,NA,NB
2623,SA,N71,4,NA,NB
2624,TU,N71,4,NA,NB
