,name_orig,name,loc,mkt,rep,yield,maturity,height,logding
1,ACE,B1,BA,BB,1,2481.699682,89,16,1
2,ACE,B1,BA,BB,2,3278.970801,90,18,1
3,ACE,B1,BA,BB,3,2479.243499,90,14,1
4,ACE,B1,BA,BB,4,1911.384322,89,15,1
5,ADAMS,B2,BA,BB,1,3159.810325,90,20,2
6,ADAMS,B2,BA,BB,2,3424.26181,89,19,1
7,ADAMS,B2,BA,BB,3,2655.034832,91,15,2
8,ADAMS,B2,BA,BB,4,2923.23883,92,18,2
9,BL13SR1-1,B4,BA,BB,1,2565.542917,NA,NA,NA
10,BL13SR1-1,B4,BA,BB,2,2999.649339,NA,NA,NA
11,BL13SR1-1,B4,BA,BB,3,2265.600538,NA,NA,NA
12,BL13SR1-1,B4,BA,BB,4,2079.484148,NA,NA,NA
13,BL1402-15,B5,BA,BB,1,2111.195507,NA,NA,NA
14,BL1402-15,B5,BA,BB,2,3455.503381,NA,NA,NA
15,BL1402-15,B5,BA,BB,3,3203.703915,NA,NA,NA
16,BL1402-15,B5,BA,BB,4,846.970461,NA,NA,NA
17,BL17220,B13,BA,BB,1,2524.785904,NA,NA,NA
18,BL17220,B13,BA,BB,2,2773.200404,NA,NA,NA
19,BL17220,B13,BA,BB,3,2289.410913,NA,NA,NA
20,BL17220,B13,BA,BB,4,2895.898733,NA,NA,NA
21,BL1726-2,B14,BA,BB,1,2667.776264,88,19,1
22,BL1726-2,B14,BA,BB,2,3570.633325,92,15,1
23,BL1726-2,B14,BA,BB,3,3352.184913,87,15,1
24,BL1726-2,B14,BA,BB,4,2883.387684,90,14,1
25,BL17922,B17,BA,BB,1,2689.614704,NA,NA,NA
26,BL17922,B17,BA,BB,2,3171.552281,NA,NA,NA
27,BL17922,B17,BA,BB,3,2549.58218,NA,NA,NA
28,BL17922,B17,BA,BB,4,1456.853229,NA,NA,NA
29,BL18201,B19,BA,BB,1,2536.679351,NA,NA,NA
30,BL18201,B19,BA,BB,2,3329.786018,NA,NA,NA
31,BL18201,B19,BA,BB,3,2893.675233,NA,NA,NA
32,BL18201,B19,BA,BB,4,2554.961506,NA,NA,NA
33,BL18204,B20,BA,BB,1,2846.474497,NA,NA,NA
34,BL18204,B20,BA,BB,2,3047.217305,NA,NA,NA
35,BL18204,B20,BA,BB,3,2414.533456,NA,NA,NA
36,BL18204,B20,BA,BB,4,1957.458214,NA,NA,NA
37,BL19309,B21,BA,BB,1,4222.448084,90,20,1
38,BL19309,B21,BA,BB,2,3083.805434,87,18,1
39,BL19309,B21,BA,BB,3,2170.398965,91,13,1
40,BL19309,B21,BA,BB,4,2227.727225,87,14,1
41,BL19330,B22,BA,BB,1,2978.630631,90,20,2.5
42,BL19330,B22,BA,BB,2,3118.428944,90,20,2
43,BL19330,B22,BA,BB,3,2758.957907,84,14,1
44,BL19330,B22,BA,BB,4,2636.436248,86,16,1
45,BL19344,B23,BA,BB,1,3270.495158,93,20,1
46,BL19344,B23,BA,BB,2,4040.893693,89,17,1
47,BL19344,B23,BA,BB,3,3345.232762,89,17,1
48,BL19344,B23,BA,BB,4,2876.065147,88,14,1
49,BL20547,B25,BA,BB,1,4070.616455,90,19,2
50,BL20547,B25,BA,BB,2,4159.929178,90,22,1
51,BL20547,B25,BA,BB,3,3790.19552,90,13,1
52,BL20547,B25,BA,BB,4,2481.699682,NA,NA,NA
53,BL20591,B26,BA,BB,1,4524.051895,92,20,2
54,BL20591,B26,BA,BB,2,4352.676541,90,18,1
55,BL20591,B26,BA,BB,3,3803.939172,91,17,1
56,BL20591,B26,BA,BB,4,2392.398871,93,18,2
57,BL20597,B27,BA,BB,1,2101.796286,88,17,1
58,BL20597,B27,BA,BB,2,2702.240468,90,15,1
59,BL20597,B27,BA,BB,3,2960.469818,89,18,1
60,BL20597,B27,BA,BB,4,2215.11837,89,10,1
61,BL3036368,B34,BA,BB,1,1445.394609,NA,NA,NA
62,BL3036368,B34,BA,BB,2,2202.507794,NA,NA,NA
63,BL3036368,B34,BA,BB,3,3047.122633,NA,NA,NA
64,BL3036368,B34,BA,BB,4,1719.224296,NA,NA,NA
65,BL3036381,B35,BA,BB,1,2547.043994,91,18,1
66,BL3036381,B35,BA,BB,2,3178.311522,90,17,1
67,BL3036381,B35,BA,BB,3,2452.205377,91,19,2
68,BL3036381,B35,BA,BB,4,2038.60104,92,14,2
69,BLACKBEAR,B39,BA,BB,1,2624.215179,90,18,2
70,BLACKBEAR,B39,BA,BB,2,2622.693207,92,16,1
71,BLACKBEAR,B39,BA,BB,3,2821.649271,95,15,2
72,BLACKBEAR,B39,BA,BB,4,2251.957471,91,16,1
73,BLACKBEARD,B40,BA,BB,1,3138.487427,90,19,2
74,BLACKBEARD,B40,BA,BB,2,3201.889861,90,23,2
75,BLACKBEARD,B40,BA,BB,3,3139.230942,91,16,1
76,BLACKBEARD,B40,BA,BB,4,3081.214197,93,20,1
77,BLACKTAILS,B42,BA,BB,1,2732.291214,89,18,1
78,BLACKTAILS,B42,BA,BB,2,2730.265635,88,16,1
79,BLACKTAILS,B42,BA,BB,3,2685.612857,92,18,1
80,BLACKTAILS,B42,BA,BB,4,2662.595242,87,19,1
81,ECLIPSE,B43,BA,BB,1,2744.268007,86,17,1
82,ECLIPSE,B43,BA,BB,2,2562.359062,85,16,1
83,ECLIPSE,B43,BA,BB,3,2488.990422,85,16,1
84,ECLIPSE,B43,BA,BB,4,1601.87618,85,16,1
85,NDTWILIGHT,B45,BA,BB,1,2189.366359,84,14,2
86,NDTWILIGHT,B45,BA,BB,2,2498.55487,84,19,1
87,NDTWILIGHT,B45,BA,BB,3,1965.018564,85,18,2.5
88,NDTWILIGHT,B45,BA,BB,4,1970.16103,85,18,1
89,NIMBUS,B46,BA,BB,1,3351.414449,92,17,1
90,NIMBUS,B46,BA,BB,2,3222.878744,90,19,2
91,NIMBUS,B46,BA,BB,3,3087.379179,90,16,1
92,NIMBUS,B46,BA,BB,4,3100.330537,89,16,2
93,PVT14531,B57,BA,BB,1,3620.270185,90,22,2
94,PVT14531,B57,BA,BB,2,2393.218447,87,17,1
95,PVT14531,B57,BA,BB,3,2350.810665,90,19,1
96,PVT14531,B57,BA,BB,4,1929.843026,90,19,1
97,PVT15610,B58,BA,BB,1,2893.542678,94,20,1
98,PVT15610,B58,BA,BB,2,3223.921194,92,19,1
99,PVT15610,B58,BA,BB,3,2548.98024,90,16,1
100,PVT15610,B58,BA,BB,4,1602.586497,91,13,1
101,PVT15619,B59,BA,BB,1,2360.855338,96,18,2
102,PVT15619,B59,BA,BB,2,2903.901907,92,14,2
103,PVT15619,B59,BA,BB,3,2774.232562,91,18,2
104,PVT15619,B59,BA,BB,4,1876.330308,92,16,1
105,PVT15629,B60,BA,BB,1,2804.288134,90,12,1
106,PVT15629,B60,BA,BB,2,3633.614556,88,19,2
107,PVT15629,B60,BA,BB,3,2611.288594,89,15,1
108,PVT15629,B60,BA,BB,4,3000.177204,87,14,1
109,PVT16590,B61,BA,BB,1,2461.294657,92,16,1
110,PVT16590,B61,BA,BB,2,2873.675693,91,16,2
111,PVT16590,B61,BA,BB,3,2671.146263,92,17,1
112,PVT16590,B61,BA,BB,4,2420.632036,91,20,1
113,PVT16648,B63,BA,BB,1,2432.108443,91,16,1
114,PVT16648,B63,BA,BB,2,2039.747753,88,19,2
115,PVT16648,B63,BA,BB,3,3014.820429,87,18,2
116,PVT16648,B63,BA,BB,4,2530.882026,94,16,2
117,PVT17704,B64,BA,BB,1,3234.986828,NA,NA,NA
118,PVT17704,B64,BA,BB,2,3152.177015,NA,NA,NA
119,PVT17704,B64,BA,BB,3,1801.867394,NA,NA,NA
120,PVT17704,B64,BA,BB,4,2124.842336,NA,NA,NA
121,PVT17708,B65,BA,BB,1,2653.210382,NA,NA,NA
122,PVT17708,B65,BA,BB,2,2738.520922,NA,NA,NA
123,PVT17708,B65,BA,BB,3,3358.201256,NA,NA,NA
124,PVT17708,B65,BA,BB,4,2216.892933,NA,NA,NA
125,PVT17715,B66,BA,BB,1,2376.112167,90,18,2
126,PVT17715,B66,BA,BB,2,2792.550802,89,18,1
127,PVT17715,B66,BA,BB,3,2884.009831,93,18,2
128,PVT17715,B66,BA,BB,4,2578.975302,90,16,1
129,PVT17724,B67,BA,BB,1,3562.427354,NA,NA,NA
130,PVT17724,B67,BA,BB,2,3511.460141,NA,NA,NA
131,PVT17724,B67,BA,BB,3,1913.804731,NA,NA,NA
132,PVT17724,B67,BA,BB,4,3143.638816,NA,NA,NA
133,PVT17751,B68,BA,BB,1,2441.461933,91,18,1
134,PVT17751,B68,BA,BB,2,3391.306083,92,18,2
135,PVT17751,B68,BA,BB,3,3293.73889,90,15,1
136,PVT17751,B68,BA,BB,4,3541.6563,91,15,1
137,SPECTRE,B70,BA,BB,1,2660.42183,92,15,1
138,SPECTRE,B70,BA,BB,2,3177.267801,92,17,2
139,SPECTRE,B70,BA,BB,3,3199.061686,95,15,2
140,SPECTRE,B70,BA,BB,4,2762.897883,93,18,2
141,ZENITH,B71,BA,BB,1,2756.826217,90,15,1
142,ZENITH,B71,BA,BB,2,2577.157511,90,15,1
143,ZENITH,B71,BA,BB,3,2627.598853,89,16,1
144,ZENITH,B71,BA,BB,4,2945.871712,92,14,1
145,ZORRO,B72,BA,BB,1,2392.253072,89,16,1
146,ZORRO,B72,BA,BB,2,2803.624525,91,18,1
147,ZORRO,B72,BA,BB,3,2561.670204,91,14,1
148,ZORRO,B72,BA,BB,4,2666.78661,90,14,1
149,APEX,N3,BA,NB,1,2792.281989,96,18,2
150,APEX,N3,BA,NB,2,3107.530171,94,20,2
151,APEX,N3,BA,NB,3,2559.913647,92,18,2
152,APEX,N3,BA,NB,4,2291.531922,93,21,1
153,ARGOSY,N4,BA,NB,1,3396.901865,97,16,2
154,ARGOSY,N4,BA,NB,2,2496.869791,95,20,2
155,ARGOSY,N4,BA,NB,3,2898.744087,92,19,1
156,ARGOSY,N4,BA,NB,4,2575.18859,93,14,1
157,ARMADA,N5,BA,NB,1,2632.574572,91,18,1
158,ARMADA,N5,BA,NB,2,2737.65278,91,20,2
159,ARMADA,N5,BA,NB,3,2911.787792,89,20,2
160,ARMADA,N5,BA,NB,4,2704.178404,93,19,2
161,BLIZZARD,N6,BA,NB,1,3007.61659,91,16,1
162,BLIZZARD,N6,BA,NB,2,2846.111565,89,20,1
163,BLIZZARD,N6,BA,NB,3,2989.713815,90,18,1
164,BLIZZARD,N6,BA,NB,4,2773.311139,88,18,1
165,BOUNTY,N7,BA,NB,1,2432.097897,96,20,1
166,BOUNTY,N7,BA,NB,2,3172.462184,92,16,1
167,BOUNTY,N7,BA,NB,3,3222.245645,92,21,1
168,BOUNTY,N7,BA,NB,4,3020.780904,90,21,1
169,EX1702,N10,BA,NB,1,2621.247892,NA,NA,NA
170,EX1702,N10,BA,NB,2,2843.955078,NA,NA,NA
171,EX1702,N10,BA,NB,3,2272.063423,NA,NA,NA
172,EX1702,N10,BA,NB,4,1675.388729,NA,NA,NA
173,EX1708,N12,BA,NB,1,2373.413496,NA,NA,NA
174,EX1708,N12,BA,NB,2,2510.607487,NA,NA,NA
175,EX1708,N12,BA,NB,3,2730.952762,NA,NA,NA
176,EX1708,N12,BA,NB,4,1511.158097,NA,NA,NA
177,EX1711,N13,BA,NB,1,2319.67272,NA,NA,NA
178,EX1711,N13,BA,NB,2,2541.583943,NA,NA,NA
179,EX1711,N13,BA,NB,3,2488.279903,NA,NA,NA
180,EX1711,N13,BA,NB,4,2426.057392,NA,NA,NA
181,EX1801,N14,BA,NB,1,1944.447233,NA,NA,NA
182,EX1801,N14,BA,NB,2,2367.260753,NA,NA,NA
183,EX1801,N14,BA,NB,3,1486.266279,NA,NA,NA
184,EX1801,N14,BA,NB,4,2873.860559,NA,NA,NA
185,EX1802,N15,BA,NB,1,2279.89858,89,14,1
186,EX1802,N15,BA,NB,2,1685.401051,85,11,1
187,EX1802,N15,BA,NB,3,2105.738858,85,12,1
188,EX1802,N15,BA,NB,4,1805.999873,88,NA,1
189,EX1803,N16,BA,NB,1,2488.370932,88,18,1
190,EX1803,N16,BA,NB,2,2198.962972,86,16,1
191,EX1803,N16,BA,NB,3,2057.15583,85,16,1
192,EX1803,N16,BA,NB,4,3076.681898,85,14,1
193,EX1804,N17,BA,NB,1,2799.229529,88,18,1
194,EX1804,N17,BA,NB,2,2474.137775,87,13,1
195,EX1804,N17,BA,NB,3,2489.86058,89,14,2
196,EX1804,N17,BA,NB,4,2506.100371,89,14,1
197,EX1914,N18,BA,NB,1,2276.972573,NA,NA,NA
198,EX1914,N18,BA,NB,2,1425.46287,NA,NA,NA
199,EX1914,N18,BA,NB,3,2215.835734,NA,NA,NA
200,EX1914,N18,BA,NB,4,595.9833883,NA,NA,NA
201,INDI,N21,BA,NB,1,2598.022382,NA,NA,NA
202,INDI,N21,BA,NB,2,3088.39513,NA,NA,NA
203,INDI,N21,BA,NB,3,2307.85869,NA,NA,NA
204,INDI,N21,BA,NB,4,2368.718588,NA,NA,NA
205,LIBERTY,N22,BA,NB,1,2768.654684,95,17,1
206,LIBERTY,N22,BA,NB,2,3617.656455,91,18,2
207,LIBERTY,N22,BA,NB,3,2331.398157,95,15,2
208,LIBERTY,N22,BA,NB,4,2748.296103,91,17,1
209,MEDALIST,N23,BA,NB,1,2516.812595,96,18,2
210,MEDALIST,N23,BA,NB,2,2821.254067,92,15,2
211,MEDALIST,N23,BA,NB,3,2703.964712,92,20,1
212,MEDALIST,N23,BA,NB,4,2829.053823,92,18,2
213,MERLIN,N24,BA,NB,1,2434.598172,96,19,1
214,MERLIN,N24,BA,NB,2,2767.97336,93,16,1
215,MERLIN,N24,BA,NB,3,2395.507765,90,18,2
216,MERLIN,N24,BA,NB,4,3159.483743,92,18,1
217,NA18103,N33,BA,NB,1,3062.908007,89,20,1
218,NA18103,N33,BA,NB,2,2900.570382,87,16,2
219,NA18103,N33,BA,NB,3,3093.66982,90,16,2
220,NA18103,N33,BA,NB,4,1939.78563,90,17,1
221,NA19226,N35,BA,NB,1,3542.702937,89,20,2
222,NA19226,N35,BA,NB,2,3344.281589,87,18,1
223,NA19226,N35,BA,NB,3,3883.163037,90,14,2
224,NA19226,N35,BA,NB,4,1618.906888,90,12,1
225,NA19246,N36,BA,NB,1,3310.826094,89,19,2
226,NA19246,N36,BA,NB,2,3596.038394,90,19,2
227,NA19246,N36,BA,NB,3,3161.137971,95,15,1
228,NA19246,N36,BA,NB,4,2840.978128,88,14,1
229,NA19253,N37,BA,NB,1,3379.985447,90,18,2
230,NA19253,N37,BA,NB,2,3582.740023,91,21,1
231,NA19253,N37,BA,NB,3,2657.352253,92,15,1
232,NA19253,N37,BA,NB,4,2836.855462,89,19,1
233,NA19285,N38,BA,NB,1,2074.3463,90,13,2
234,NA19285,N38,BA,NB,2,3421.0187,93,20,2.5
235,NA19285,N38,BA,NB,3,2372.821866,90,19,2
236,NA19285,N38,BA,NB,4,2680.019704,93,16,2
237,NA20388,N39,BA,NB,1,1736.232284,89,11,1
238,NA20388,N39,BA,NB,2,2087.304836,92,14,1
239,NA20388,N39,BA,NB,3,3360.357879,87,14,1
240,NA20388,N39,BA,NB,4,1957.727836,90,15,1
241,NA20404,N41,BA,NB,1,2742.671088,88,17,1
242,NA20404,N41,BA,NB,2,3148.077298,85,18,1
243,NA20404,N41,BA,NB,3,3319.90447,88,20,1
244,NA20404,N41,BA,NB,4,2913.163823,90,20,1
245,NAUTICA,N44,BA,NB,1,2819.662424,87,15,2
246,NAUTICA,N44,BA,NB,2,2518.26778,87,16,1
247,NAUTICA,N44,BA,NB,3,2773.869662,92,18,2
248,NAUTICA,N44,BA,NB,4,2885.548648,88,13,2
249,PVT12039,N47,BA,NB,1,3089.137085,94,20,4
250,PVT12039,N47,BA,NB,2,3108.225414,92,16,2
251,PVT12039,N47,BA,NB,3,2075.602142,90,17,2
252,PVT12039,N47,BA,NB,4,2713.691531,93,14,1
253,PVT14068,N54,BA,NB,1,2917.298586,92,18,2
254,PVT14068,N54,BA,NB,2,2671.053553,89,15,1
255,PVT14068,N54,BA,NB,3,2525.534619,90,23,2
256,PVT14068,N54,BA,NB,4,2322.192125,90,16,1
257,PVT14078,N57,BA,NB,1,2401.432511,93,18,2
258,PVT14078,N57,BA,NB,2,2807.638976,93,23,1
259,PVT14078,N57,BA,NB,3,1997.09636,93,17,2
260,PVT14078,N57,BA,NB,4,1651.640697,93,17,1
261,PVT14080,N58,BA,NB,1,2158.781719,NA,NA,NA
262,PVT14080,N58,BA,NB,2,2785.218123,NA,NA,NA
263,PVT14080,N58,BA,NB,3,1728.985872,NA,NA,NA
264,PVT14080,N58,BA,NB,4,2342.062056,NA,NA,NA
265,PVT14084,N60,BA,NB,1,2666.558379,91,20,2
266,PVT14084,N60,BA,NB,2,2924.439489,93,22,2
267,PVT14084,N60,BA,NB,3,3029.565324,91,20,1
268,PVT14084,N60,BA,NB,4,2796.847851,92,21,1
269,PVT14089,N61,BA,NB,1,2406.224472,NA,NA,NA
270,PVT14089,N61,BA,NB,2,3435.166762,NA,NA,NA
271,PVT14089,N61,BA,NB,3,3394.988403,NA,NA,NA
272,PVT14089,N61,BA,NB,4,2267.041111,NA,NA,NA
273,ROGUE,N64,BA,NB,1,2469.058935,91,13,2.5
274,ROGUE,N64,BA,NB,2,3311.582625,92,17,3
275,ROGUE,N64,BA,NB,3,3129.794459,90,15,3
276,ROGUE,N64,BA,NB,4,3058.480876,91,13,2
277,SHOCK,N65,BA,NB,1,2552.218434,92,14,1
278,SHOCK,N65,BA,NB,2,3396.289504,93,16,2
279,SHOCK,N65,BA,NB,3,2888.62789,90,16,2
280,SHOCK,N65,BA,NB,4,2343.21433,91,15,1
281,SV1893GH,N66,BA,NB,1,2863.728675,90,16,2
282,SV1893GH,N66,BA,NB,2,3366.370459,92,18,2
283,SV1893GH,N66,BA,NB,3,2773.999994,93,16,1
284,SV1893GH,N66,BA,NB,4,2572.38547,92,16,1
285,VALIANT,N68,BA,NB,1,2417.153142,89,15,1
286,VALIANT,N68,BA,NB,2,2962.406067,92,18,1
287,VALIANT,N68,BA,NB,3,2416.072575,93,16,2
288,VALIANT,N68,BA,NB,4,2319.320161,93,14,1
289,VICTORY,N69,BA,NB,1,2791.408095,90,20,1
290,VICTORY,N69,BA,NB,2,3476.064396,90,22,1
291,VICTORY,N69,BA,NB,3,2729.603887,90,18,2
292,VICTORY,N69,BA,NB,4,2738.750261,89,15,1
293,VIGILANT,N70,BA,NB,1,2341.976798,89,17,1
294,VIGILANT,N70,BA,NB,2,2602.663025,89,18,1
295,VIGILANT,N70,BA,NB,3,1976.488062,87,14,1
296,VIGILANT,N70,BA,NB,4,2179.646214,89,18,1
297,CALDERA,R1,BA,SR,1,3056.75922,NA,NA,NA
298,CALDERA,R1,BA,SR,2,2799.230496,NA,NA,NA
299,CALDERA,R1,BA,SR,3,2619.756016,NA,NA,NA
300,CALDERA,R1,BA,SR,4,2832.491504,NA,NA,NA
301,CAYENNE,R2,BA,SR,1,2968.153204,90,22,1
302,CAYENNE,R2,BA,SR,2,2888.468878,NA,NA,NA
303,CAYENNE,R2,BA,SR,3,2951.199367,87,22,1
304,CAYENNE,R2,BA,SR,4,2929.952144,90,18,2
305,PVT16686,R5,BA,SR,1,2116.198816,89,20,2
306,PVT16686,R5,BA,SR,2,2641.289725,90,18,1
307,PVT16686,R5,BA,SR,3,2391.162844,90,20,2.5
308,PVT16686,R5,BA,SR,4,2187.620159,85,17,2.5
309,PVT17835,R7,BA,SR,1,1638.214119,NA,NA,NA
310,PVT17835,R7,BA,SR,2,1714.732168,NA,NA,NA
311,PVT17835,R7,BA,SR,3,1427.561798,NA,NA,NA
312,PVT17835,R7,BA,SR,4,2956.570503,NA,NA,NA
313,PVT17837,R8,BA,SR,1,1730.781548,88,16,1
314,PVT17837,R8,BA,SR,2,2152.99933,88,16,1
315,PVT17837,R8,BA,SR,3,2266.838624,89,14,1
316,PVT17837,R8,BA,SR,4,2263.762255,91,17,2
317,PVT17839,R9,BA,SR,1,1831.618945,88,18,1
318,PVT17839,R9,BA,SR,2,1765.26776,88,18,2
319,PVT17839,R9,BA,SR,3,2157.284978,92,16,2
320,PVT17839,R9,BA,SR,4,2348.240037,90,16,1
321,PVT17875,R10,BA,SR,1,1643.845949,87,13,1
322,PVT17875,R10,BA,SR,2,3103.110766,90,17,1
323,PVT17875,R10,BA,SR,3,2960.956433,91,19,2
324,PVT17875,R10,BA,SR,4,1933.10359,86,17,2
325,ROSETTA,R15,BA,SR,1,2827.596148,88,16,1
326,ROSETTA,R15,BA,SR,2,2710.422508,93,16,1
327,ROSETTA,R15,BA,SR,3,2799.243934,86,19,1
328,ROSETTA,R15,BA,SR,4,2642.540767,88,18,2
329,RUBY,R16,BA,SR,1,2649.656426,87,14,2.5
330,RUBY,R16,BA,SR,2,2469.655855,89,16,1
331,RUBY,R16,BA,SR,3,2770.493196,89,16,1
332,RUBY,R16,BA,SR,4,2428.276436,92,16,2.5
333,SR17604,R19,BA,SR,1,2163.121555,89,20,1
334,SR17604,R19,BA,SR,2,2370.251208,92,18,1
335,SR17604,R19,BA,SR,3,2124.486991,89,21,1
336,SR17604,R19,BA,SR,4,3052.678121,87,19,2
337,CORAL,R3,BA,SR,1,2512.119926,89,12,1
338,CORAL,R3,BA,SR,2,1926.532239,91,15,1
339,CORAL,R3,BA,SR,3,2646.874431,90,15,1
340,CORAL,R3,BA,SR,4,2246.901109,89,15,1
341,SR20627,R12,BA,SR,1,3036.756667,88,22,1
342,SR20627,R12,BA,SR,2,2745.912412,92,21,1
343,SR20627,R12,BA,SR,3,3227.623209,92,20,1
344,SR20627,R12,BA,SR,4,3244.928862,90,20,2
345,SR20667,R13,BA,SR,1,3062.730908,89,20,1
346,SR20667,R13,BA,SR,2,3366.951056,90,18,1
347,SR20667,R13,BA,SR,3,3200.35656,88,22,1
348,SR20667,R13,BA,SR,4,2928.162903,88,18,2
349,VIPER,R21,BA,SR,1,3134.589298,87,17,1
350,VIPER,R21,BA,SR,2,2763.022674,90,16,1
351,VIPER,R21,BA,SR,3,2950.591639,91,14,1
352,VIPER,R21,BA,SR,4,2867.025477,89,12,1
353,ACE,B1,SA,BB,1,3109.343554,85,17,1
354,ACE,B1,SA,BB,2,3642.945706,88,18,2
355,ACE,B1,SA,BB,3,2752.675159,89,20,1
356,ACE,B1,SA,BB,4,3140.397215,89,18,2.5
357,ADAMS,B2,SA,BB,1,3862.58338,94,15,2
358,ADAMS,B2,SA,BB,2,4304.718569,87,20,1
359,ADAMS,B2,SA,BB,3,3478.644148,93,21,2.5
360,ADAMS,B2,SA,BB,4,3592.716443,94,14,2.5
361,BL13SR1-1,B4,SA,BB,1,2731.241207,NA,NA,NA
362,BL13SR1-1,B4,SA,BB,2,2745.158334,NA,NA,NA
363,BL13SR1-1,B4,SA,BB,3,2285.079244,NA,NA,NA
364,BL13SR1-1,B4,SA,BB,4,2519.106469,NA,NA,NA
365,BL1402-15,B5,SA,BB,1,2921.423017,NA,NA,NA
366,BL1402-15,B5,SA,BB,2,2840.113641,NA,NA,NA
367,BL1402-15,B5,SA,BB,3,3531.350512,NA,NA,NA
368,BL1402-15,B5,SA,BB,4,3344.760498,NA,NA,NA
369,BL17220,B13,SA,BB,1,3096.404165,NA,NA,NA
370,BL17220,B13,SA,BB,2,3287.872129,NA,NA,NA
371,BL17220,B13,SA,BB,3,3239.44426,NA,NA,NA
372,BL17220,B13,SA,BB,4,3253.289721,NA,NA,NA
373,BL1726-2,B14,SA,BB,1,3543.339398,87,22,1
374,BL1726-2,B14,SA,BB,2,3456.359313,86,18,1
375,BL1726-2,B14,SA,BB,3,3554.372146,90,23,2
376,BL1726-2,B14,SA,BB,4,3424.553476,89,17,2
377,BL17922,B17,SA,BB,1,3206.696421,NA,NA,NA
378,BL17922,B17,SA,BB,2,3383.771532,NA,NA,NA
379,BL17922,B17,SA,BB,3,2779.310371,NA,NA,NA
380,BL17922,B17,SA,BB,4,2383.810721,NA,NA,NA
381,BL18201,B19,SA,BB,1,3438.415067,NA,NA,NA
382,BL18201,B19,SA,BB,2,3833.488535,NA,NA,NA
383,BL18201,B19,SA,BB,3,3006.991735,NA,NA,NA
384,BL18201,B19,SA,BB,4,2922.898702,NA,NA,NA
385,BL18204,B20,SA,BB,1,3217.549983,NA,NA,NA
386,BL18204,B20,SA,BB,2,3135.442909,NA,NA,NA
387,BL18204,B20,SA,BB,3,2353.85801,NA,NA,NA
388,BL18204,B20,SA,BB,4,2917.196994,NA,NA,NA
389,BL19309,B21,SA,BB,1,3666.118123,95,22,2
390,BL19309,B21,SA,BB,2,4413.024663,89,18,2
391,BL19309,B21,SA,BB,3,3945.593394,92,18,2
392,BL19309,B21,SA,BB,4,3287.474208,90,15,2
393,BL19330,B22,SA,BB,1,3233.719664,93,12,2
394,BL19330,B22,SA,BB,2,3110.462802,89,16,2
395,BL19330,B22,SA,BB,3,2819.316313,89,18,2.5
396,BL19330,B22,SA,BB,4,3126.964437,89,16,1
397,BL19344,B23,SA,BB,1,3455.793648,92,20,2
398,BL19344,B23,SA,BB,2,3144.262143,93,20,1
399,BL19344,B23,SA,BB,3,3146.222603,89,17,2
400,BL19344,B23,SA,BB,4,3117.367265,90,23,2
401,BL20547,B25,SA,BB,1,3523.890239,90,20,1
402,BL20547,B25,SA,BB,2,4065.188383,92,16,4
403,BL20547,B25,SA,BB,3,3594.541856,93,24,2
404,BL20547,B25,SA,BB,4,3832.87023,92,18,2
405,BL20591,B26,SA,BB,1,3535.742563,86,17,1
406,BL20591,B26,SA,BB,2,3945.004981,89,16,3
407,BL20591,B26,SA,BB,3,3630.519123,90,12,2
408,BL20591,B26,SA,BB,4,3832.87023,89,18,2
409,BL20597,B27,SA,BB,1,3719.579668,87,16,1
410,BL20597,B27,SA,BB,2,3982.474295,92,19,1
411,BL20597,B27,SA,BB,3,2783.403708,91,18,2
412,BL20597,B27,SA,BB,4,3678.096535,91,21,1
413,BL3036368,B34,SA,BB,1,2490.047482,NA,NA,NA
414,BL3036368,B34,SA,BB,2,2911.622546,NA,NA,NA
415,BL3036368,B34,SA,BB,3,1626.331846,NA,NA,NA
416,BL3036368,B34,SA,BB,4,2595.994981,NA,NA,NA
417,BL3036381,B35,SA,BB,1,3117.851311,92,21,2
418,BL3036381,B35,SA,BB,2,2936.728778,90,15,3
419,BL3036381,B35,SA,BB,3,3376.044884,93,14,3
420,BL3036381,B35,SA,BB,4,2952.19663,92,14,3
421,BLACKBEAR,B39,SA,BB,1,3498.290313,99,17,2
422,BLACKBEAR,B39,SA,BB,2,3347.254728,94,17,2.5
423,BLACKBEAR,B39,SA,BB,3,2896.766159,94,19,2
424,BLACKBEAR,B39,SA,BB,4,3104.378992,93,18,2
425,BLACKBEARD,B40,SA,BB,1,3468.998979,93,28,2
426,BLACKBEARD,B40,SA,BB,2,3750.004899,93,26,2
427,BLACKBEARD,B40,SA,BB,3,3861.202426,93,16,2.5
428,BLACKBEARD,B40,SA,BB,4,3461.419151,90,21,1
429,BLACKTAILS,B42,SA,BB,1,2936.359873,97,20,2
430,BLACKTAILS,B42,SA,BB,2,3027.533509,95,18,2
431,BLACKTAILS,B42,SA,BB,3,3122.52792,95,14,3
432,BLACKTAILS,B42,SA,BB,4,2979.3727,91,23,3
433,ECLIPSE,B43,SA,BB,1,2816.063359,89,17,1
434,ECLIPSE,B43,SA,BB,2,3044.326214,86,19,1
435,ECLIPSE,B43,SA,BB,3,2280.600614,88,15,2
436,ECLIPSE,B43,SA,BB,4,2501.576018,87,20,1
437,NDTWILIGHT,B45,SA,BB,1,2501.190568,86,19,3
438,NDTWILIGHT,B45,SA,BB,2,2500.377118,84,22,2
439,NDTWILIGHT,B45,SA,BB,3,2180.91328,91,14,2
440,NDTWILIGHT,B45,SA,BB,4,2370.258937,87,14,4
441,NIMBUS,B46,SA,BB,1,4333.897978,94,20,2.5
442,NIMBUS,B46,SA,BB,2,3980.068709,93,23,2.5
443,NIMBUS,B46,SA,BB,3,4244.584229,92,21,2
444,NIMBUS,B46,SA,BB,4,3973.75031,92,22,2
445,PVT14531,B57,SA,BB,1,3446.566436,94,26,2
446,PVT14531,B57,SA,BB,2,3354.521794,93,18,2.5
447,PVT14531,B57,SA,BB,3,3257.654266,91,19,2.5
448,PVT14531,B57,SA,BB,4,2906.644758,92,20,2
449,PVT15610,B58,SA,BB,1,3397.06015,93,16,1
450,PVT15610,B58,SA,BB,2,3962.898585,92,23,2
451,PVT15610,B58,SA,BB,3,2890.952551,89,16,1
452,PVT15610,B58,SA,BB,4,3441.210611,93,16,1
453,PVT15619,B59,SA,BB,1,3595.473983,95,17,1
454,PVT15619,B59,SA,BB,2,3360.684588,90,23,1
455,PVT15619,B59,SA,BB,3,3068.214979,89,16,2.5
456,PVT15619,B59,SA,BB,4,3537.139259,90,16,2.5
457,PVT15629,B60,SA,BB,1,3045.888546,94,14,1
458,PVT15629,B60,SA,BB,2,3810.405454,89,22,2
459,PVT15629,B60,SA,BB,3,3203.310101,90,19,2
460,PVT15629,B60,SA,BB,4,3451.473382,92,19,2
461,PVT16590,B61,SA,BB,1,3182.384084,95,18,1
462,PVT16590,B61,SA,BB,2,3233.419813,93,18,2
463,PVT16590,B61,SA,BB,3,3627.343848,93,21,2
464,PVT16590,B61,SA,BB,4,3708.138743,90,16,2
465,PVT16648,B63,SA,BB,1,3582.322861,92,18,2
466,PVT16648,B63,SA,BB,2,3821.821258,85,18,2.5
467,PVT16648,B63,SA,BB,3,3637.201828,92,14,3
468,PVT16648,B63,SA,BB,4,3038.038659,92,13,3
469,PVT17704,B64,SA,BB,1,3120.731018,NA,NA,NA
470,PVT17704,B64,SA,BB,2,2202.54715,NA,NA,NA
471,PVT17704,B64,SA,BB,3,3016.307772,NA,NA,NA
472,PVT17704,B64,SA,BB,4,3051.984821,NA,NA,NA
473,PVT17708,B65,SA,BB,1,2180.77891,NA,NA,NA
474,PVT17708,B65,SA,BB,2,2754.815008,NA,NA,NA
475,PVT17708,B65,SA,BB,3,3255.020097,NA,NA,NA
476,PVT17708,B65,SA,BB,4,2178.683062,NA,NA,NA
477,PVT17715,B66,SA,BB,1,3205.844338,88,20,2
478,PVT17715,B66,SA,BB,2,3383.584442,92,17,2
479,PVT17715,B66,SA,BB,3,3211.935088,87,17,3
480,PVT17715,B66,SA,BB,4,3335.304961,89,12,3
481,PVT17724,B67,SA,BB,1,2433.804924,NA,NA,NA
482,PVT17724,B67,SA,BB,2,2823.418306,NA,NA,NA
483,PVT17724,B67,SA,BB,3,2875.361994,NA,NA,NA
484,PVT17724,B67,SA,BB,4,3026.096335,NA,NA,NA
485,PVT17751,B68,SA,BB,1,3058.725153,87,18,1
486,PVT17751,B68,SA,BB,2,3963.847202,89,21,1
487,PVT17751,B68,SA,BB,3,3360.579461,85,14,2
488,PVT17751,B68,SA,BB,4,3421.03959,87,19,2
489,SPECTRE,B70,SA,BB,1,3626.352523,98,17,2
490,SPECTRE,B70,SA,BB,2,3945.583607,94,24,2
491,SPECTRE,B70,SA,BB,3,3625.763294,94,24,2
492,SPECTRE,B70,SA,BB,4,3246.220455,93,20,2
493,ZENITH,B71,SA,BB,1,3241.982172,96,20,2
494,ZENITH,B71,SA,BB,2,3246.758806,92,18,2
495,ZENITH,B71,SA,BB,3,3254.243428,92,18,1
496,ZENITH,B71,SA,BB,4,3118.36855,90,16,2
497,ZORRO,B72,SA,BB,1,3236.505007,95,25,2
498,ZORRO,B72,SA,BB,2,2911.528056,91,20,2
499,ZORRO,B72,SA,BB,3,3110.114391,91,18,2
500,ZORRO,B72,SA,BB,4,3027.463108,91,16,2
501,APEX,N3,SA,NB,1,3551.35157,92,18,2.5
502,APEX,N3,SA,NB,2,3418.075082,90,12,4
503,APEX,N3,SA,NB,3,3042.399942,92,12,4
504,APEX,N3,SA,NB,4,3087.648236,89,19,4
505,ARGOSY,N4,SA,NB,1,3087.384198,93,19,2.5
506,ARGOSY,N4,SA,NB,2,3235.150656,89,15,3
507,ARGOSY,N4,SA,NB,3,3136.672681,87,26,1
508,ARGOSY,N4,SA,NB,4,2929.912511,89,26,3
509,ARMADA,N5,SA,NB,1,3338.10702,90,20,2
510,ARMADA,N5,SA,NB,2,3407.58494,88,27,3
511,ARMADA,N5,SA,NB,3,3092.248741,86,20,2
512,ARMADA,N5,SA,NB,4,3599.054565,88,20,2.5
513,BLIZZARD,N6,SA,NB,1,2996.521719,90,20,2.5
514,BLIZZARD,N6,SA,NB,2,3279.595234,91,17,2.5
515,BLIZZARD,N6,SA,NB,3,3020.003962,92,12,3
516,BLIZZARD,N6,SA,NB,4,3322.730582,89,20,2
517,BOUNTY,N7,SA,NB,1,3344.803647,89,18,2
518,BOUNTY,N7,SA,NB,2,3211.420345,89,19,2
519,BOUNTY,N7,SA,NB,3,3324.762646,94,23,2
520,BOUNTY,N7,SA,NB,4,3408.506567,88,18,1
521,EX1702,N10,SA,NB,1,3180.510664,NA,NA,NA
522,EX1702,N10,SA,NB,2,3267.197874,NA,NA,NA
523,EX1702,N10,SA,NB,3,2962.130368,NA,NA,NA
524,EX1702,N10,SA,NB,4,2700.728078,NA,NA,NA
525,EX1708,N12,SA,NB,1,2224.141857,NA,NA,NA
526,EX1708,N12,SA,NB,2,2550.574706,NA,NA,NA
527,EX1708,N12,SA,NB,3,2395.77657,NA,NA,NA
528,EX1708,N12,SA,NB,4,2958.755794,NA,NA,NA
529,EX1711,N13,SA,NB,1,2808.709247,NA,NA,NA
530,EX1711,N13,SA,NB,2,2941.480969,NA,NA,NA
531,EX1711,N13,SA,NB,3,2723.683562,NA,NA,NA
532,EX1711,N13,SA,NB,4,2803.926528,NA,NA,NA
533,EX1801,N14,SA,NB,1,2751.622548,NA,NA,NA
534,EX1801,N14,SA,NB,2,2610.105174,NA,NA,NA
535,EX1801,N14,SA,NB,3,2417.823028,NA,NA,NA
536,EX1801,N14,SA,NB,4,2923.732157,NA,NA,NA
537,EX1802,N15,SA,NB,1,2690.857696,87,18,1
538,EX1802,N15,SA,NB,2,2231.504203,85,17,1
539,EX1802,N15,SA,NB,3,2013.25487,86,11,1
540,EX1802,N15,SA,NB,4,2301.45142,87,16,1
541,EX1803,N16,SA,NB,1,3112.520043,87,20,1
542,EX1803,N16,SA,NB,2,2757.467853,87,14,2
543,EX1803,N16,SA,NB,3,2654.469911,87,19,2
544,EX1803,N16,SA,NB,4,2077.635246,89,18,2
545,EX1804,N17,SA,NB,1,2972.003951,87,19,1
546,EX1804,N17,SA,NB,2,2437.814539,90,20,2
547,EX1804,N17,SA,NB,3,2595.99047,85,20,1
548,EX1804,N17,SA,NB,4,1811.3593,94,19,2
549,EX1914,N18,SA,NB,1,3766.346415,NA,NA,NA
550,EX1914,N18,SA,NB,2,3049.232965,NA,NA,NA
551,EX1914,N18,SA,NB,3,1800.738688,NA,NA,NA
552,EX1914,N18,SA,NB,4,2499.35866,NA,NA,NA
553,INDI,N21,SA,NB,1,2446.660067,NA,NA,NA
554,INDI,N21,SA,NB,2,2745.034462,NA,NA,NA
555,INDI,N21,SA,NB,3,2243.265692,NA,NA,NA
556,INDI,N21,SA,NB,4,3534.107185,NA,NA,NA
557,LIBERTY,N22,SA,NB,1,4216.946435,95,19,2
558,LIBERTY,N22,SA,NB,2,4099.661361,93,17,3
559,LIBERTY,N22,SA,NB,3,3580.859826,91,13,2
560,LIBERTY,N22,SA,NB,4,3925.041477,87,16,2
561,MEDALIST,N23,SA,NB,1,3169.09267,94,18,2
562,MEDALIST,N23,SA,NB,2,3637.3779,91,19,2
563,MEDALIST,N23,SA,NB,3,2979.585782,94,12,4
564,MEDALIST,N23,SA,NB,4,3370.176165,92,29,2
565,MERLIN,N24,SA,NB,1,3115.077276,93,20,2
566,MERLIN,N24,SA,NB,2,3025.089817,92,18,2.5
567,MERLIN,N24,SA,NB,3,3045.888581,93,18,2
568,MERLIN,N24,SA,NB,4,3193.013975,94,18,2
569,NA18103,N33,SA,NB,1,2725.55009,86,19,1
570,NA18103,N33,SA,NB,2,3152.821876,88,14,2.5
571,NA18103,N33,SA,NB,3,2897.742486,92,16,3
572,NA18103,N33,SA,NB,4,2527.552174,89,18,1
573,NA19226,N35,SA,NB,1,2579.134292,89,20,2
574,NA19226,N35,SA,NB,2,2798.003,90,17,2
575,NA19226,N35,SA,NB,3,3133.944926,93,21,2
576,NA19226,N35,SA,NB,4,2748.071934,91,19,2
577,NA19246,N36,SA,NB,1,2611.139769,87,20,3
578,NA19246,N36,SA,NB,2,2685.889264,89,18,3
579,NA19246,N36,SA,NB,3,4313.902591,86,15,1
580,NA19246,N36,SA,NB,4,3465.873034,88,18,1
581,NA19253,N37,SA,NB,1,2720.455768,92,22,2
582,NA19253,N37,SA,NB,2,3308.955708,87,21,2
583,NA19253,N37,SA,NB,3,3245.538172,92,24,2
584,NA19253,N37,SA,NB,4,3194.583534,92,22,2
585,NA19285,N38,SA,NB,1,2652.6859,87,18,3
586,NA19285,N38,SA,NB,2,2372.673266,89,20,3
587,NA19285,N38,SA,NB,3,3257.041195,86,16,2
588,NA19285,N38,SA,NB,4,3136.795615,90,10,3
589,NA20388,N39,SA,NB,1,3425.461654,88,21,2
590,NA20388,N39,SA,NB,2,2764.190254,92,20,1
591,NA20388,N39,SA,NB,3,3181.627413,89,19,1
592,NA20388,N39,SA,NB,4,3705.178594,90,22,2
593,NA20404,N41,SA,NB,1,3333.322446,90,18,2
594,NA20404,N41,SA,NB,2,3890.812462,85,21,1
595,NA20404,N41,SA,NB,3,3376.392193,87,20,1
596,NA20404,N41,SA,NB,4,3393.571758,87,17,2
597,NAUTICA,N44,SA,NB,1,2499.654412,90,19,2.5
598,NAUTICA,N44,SA,NB,2,2972.38019,91,22,2.5
599,NAUTICA,N44,SA,NB,3,3003.908869,91,18,2.5
600,NAUTICA,N44,SA,NB,4,3330.095645,92,20,3
601,PVT12039,N47,SA,NB,1,3425.277671,95,15,2
602,PVT12039,N47,SA,NB,2,3404.104693,91,22,2.5
603,PVT12039,N47,SA,NB,3,3496.635162,88,14,3
604,PVT12039,N47,SA,NB,4,3163.004471,90,18,1
605,PVT14068,N54,SA,NB,1,3396.153822,98,21,2
606,PVT14068,N54,SA,NB,2,3131.177554,88,22,2
607,PVT14068,N54,SA,NB,3,3371.130979,90,23,2
608,PVT14068,N54,SA,NB,4,3230.715076,89,20,1
609,PVT14078,N57,SA,NB,1,3209.133739,100,22,1
610,PVT14078,N57,SA,NB,2,3671.270511,87,19,3
611,PVT14078,N57,SA,NB,3,3241.81747,91,19,2
612,PVT14078,N57,SA,NB,4,4127.048773,87,18,1
613,PVT14080,N58,SA,NB,1,3381.433276,NA,NA,NA
614,PVT14080,N58,SA,NB,2,3418.706147,NA,NA,NA
615,PVT14080,N58,SA,NB,3,3092.146591,NA,NA,NA
616,PVT14080,N58,SA,NB,4,3892.374875,NA,NA,NA
617,PVT14084,N60,SA,NB,1,3257.713256,93,24,2
618,PVT14084,N60,SA,NB,2,3173.42334,88,19,2
619,PVT14084,N60,SA,NB,3,3078.111486,89,23,2
620,PVT14084,N60,SA,NB,4,3255.826598,90,22,2
621,PVT14089,N61,SA,NB,1,2330.714345,NA,NA,NA
622,PVT14089,N61,SA,NB,2,2512.171913,NA,NA,NA
623,PVT14089,N61,SA,NB,3,3267.439323,NA,NA,NA
624,PVT14089,N61,SA,NB,4,3750.05596,NA,NA,NA
625,ROGUE,N64,SA,NB,1,2595.798996,87,17,4
626,ROGUE,N64,SA,NB,2,3241.298819,90,10,4
627,ROGUE,N64,SA,NB,3,3302.735465,NA,NA,NA
628,ROGUE,N64,SA,NB,4,2758.600328,88,10,4
629,SHOCK,N65,SA,NB,1,3028.970626,88,17,3
630,SHOCK,N65,SA,NB,2,2870.656144,90,14,4
631,SHOCK,N65,SA,NB,3,2651.084865,89,15,3
632,SHOCK,N65,SA,NB,4,1856.537045,89,15,4
633,SV1893GH,N66,SA,NB,1,2856.762703,87,16,2
634,SV1893GH,N66,SA,NB,2,3101.388103,88,17,3
635,SV1893GH,N66,SA,NB,3,2237.607892,89,15,3
636,SV1893GH,N66,SA,NB,4,2574.314178,89,15,2
637,VALIANT,N68,SA,NB,1,3286.089442,86,18,2
638,VALIANT,N68,SA,NB,2,3475.744156,89,16,2
639,VALIANT,N68,SA,NB,3,3176.744181,88,20,4
640,VALIANT,N68,SA,NB,4,2910.107413,87,21,1
641,VICTORY,N69,SA,NB,1,3535.035642,92,17,3
642,VICTORY,N69,SA,NB,2,3611.841308,90,22,2.5
643,VICTORY,N69,SA,NB,3,3006.862902,87,16,2.5
644,VICTORY,N69,SA,NB,4,3262.396089,89,18,2
645,VIGILANT,N70,SA,NB,1,2935.791591,87,22,1
646,VIGILANT,N70,SA,NB,2,3029.016851,90,16,2
647,VIGILANT,N70,SA,NB,3,2401.357353,92,20,2
648,VIGILANT,N70,SA,NB,4,3530.233222,86,24,1
649,CALDERA,R1,SA,SR,1,3780.448169,NA,NA,NA
650,CALDERA,R1,SA,SR,2,3009.964177,NA,NA,NA
651,CALDERA,R1,SA,SR,3,3219.970437,NA,NA,NA
652,CALDERA,R1,SA,SR,4,3921.263718,NA,NA,NA
653,CAYENNE,R2,SA,SR,1,3115.380236,86,22,1
654,CAYENNE,R2,SA,SR,2,2684.803044,93,17,2
655,CAYENNE,R2,SA,SR,3,2885.167643,92,21,2.5
656,CAYENNE,R2,SA,SR,4,3314.870737,89,17,2.5
657,PVT16686,R5,SA,SR,1,3438.958148,89,21,2
658,PVT16686,R5,SA,SR,2,3808.497128,87,20,2.5
659,PVT16686,R5,SA,SR,3,3613.887255,87,10,3
660,PVT16686,R5,SA,SR,4,3701.687649,92,13,3
661,PVT17835,R7,SA,SR,1,3106.262569,NA,NA,NA
662,PVT17835,R7,SA,SR,2,3482.379384,NA,NA,NA
663,PVT17835,R7,SA,SR,3,3146.665776,NA,NA,NA
664,PVT17835,R7,SA,SR,4,3296.706772,NA,NA,NA
665,PVT17837,R8,SA,SR,1,3523.939261,95,20,1
666,PVT17837,R8,SA,SR,2,3882.777902,92,18,2
667,PVT17837,R8,SA,SR,3,3891.359124,88,21,1
668,PVT17837,R8,SA,SR,4,3730.601376,89,20,2
669,PVT17839,R9,SA,SR,1,3618.129798,96,21,1
670,PVT17839,R9,SA,SR,2,3660.003269,94,22,2.5
671,PVT17839,R9,SA,SR,3,3841.097529,93,11,2.5
672,PVT17839,R9,SA,SR,4,3038.33959,90,18,2
673,PVT17875,R10,SA,SR,1,3827.482008,87,20,1
674,PVT17875,R10,SA,SR,2,4068.941581,90,16,2
675,PVT17875,R10,SA,SR,3,3495.869121,92,15,3
676,PVT17875,R10,SA,SR,4,3796.149003,90,21,4
677,ROSETTA,R15,SA,SR,1,2599.975992,92,18,1
678,ROSETTA,R15,SA,SR,2,2441.211076,94,21,2
679,ROSETTA,R15,SA,SR,3,2457.088249,94,16,2
680,ROSETTA,R15,SA,SR,4,2897.345722,92,18,2
681,RUBY,R16,SA,SR,1,2854.63401,88,18,3
682,RUBY,R16,SA,SR,2,3050.726183,90,11,4
683,RUBY,R16,SA,SR,3,3066.324587,91,10,4
684,RUBY,R16,SA,SR,4,2941.47144,90,15,4
685,SR17604,R19,SA,SR,1,3208.458951,85,20,2
686,SR17604,R19,SA,SR,2,3398.048808,92,17,1
687,SR17604,R19,SA,SR,3,3625.680785,91,21,2
688,SR17604,R19,SA,SR,4,3094.779102,92,20,2.5
689,CORAL,R3,SA,SR,1,3245.953396,87,16,2
690,CORAL,R3,SA,SR,2,3314.250144,96,14,2
691,CORAL,R3,SA,SR,3,3428.754412,86,15,1
692,CORAL,R3,SA,SR,4,3875.059698,86,17,1
693,SR20627,R12,SA,SR,1,2446.024333,87,19,1
694,SR20627,R12,SA,SR,2,3007.906433,87,15,1
695,SR20627,R12,SA,SR,3,3170.245441,87,20,2
696,SR20627,R12,SA,SR,4,3684.749769,87,18,1
697,SR20667,R13,SA,SR,1,2184.569218,85,16,1
698,SR20667,R13,SA,SR,2,3029.499098,87,17,1
699,SR20667,R13,SA,SR,3,4474.421342,87,20,2
700,SR20667,R13,SA,SR,4,3625.677284,85,20,1
701,VIPER,R21,SA,SR,1,3302.436453,91,17,2
702,VIPER,R21,SA,SR,2,3430.828978,93,16,2
703,VIPER,R21,SA,SR,3,4211.689352,92,20,2.5
704,VIPER,R21,SA,SR,4,3066.350458,89,18,2
705,ACE,B1,TU,BB,1,3283.669895,91.63413581,20.04232267,2
706,ACE,B1,TU,BB,2,3624.180986,89.63413581,19.04232267,2.5
707,ACE,B1,TU,BB,3,2877.133935,90.63413581,20.04232267,1
708,ACE,B1,TU,BB,4,2826.464263,91.63413581,16.04232267,1
709,ADAMS,B2,TU,BB,1,3038.792098,97.5,17,2.5
710,ADAMS,B2,TU,BB,2,4104.237433,94.5,18,2
711,ADAMS,B2,TU,BB,3,3270.424141,97,17.5,2
712,ADAMS,B2,TU,BB,4,3476.507859,95.5,19,2
713,BL13SR1-1,B4,TU,BB,1,3278.1858,98.36586419,18.95767733,NA
714,BL13SR1-1,B4,TU,BB,2,3236.202231,95.36586419,18.95767733,NA
715,BL13SR1-1,B4,TU,BB,3,3040.462973,95.36586419,18.95767733,NA
716,BL13SR1-1,B4,TU,BB,4,3203.893455,93.36586419,18.95767733,NA
717,BL1402-15,B5,TU,BB,1,3165.925619,90.36586419,18.95767733,NA
718,BL1402-15,B5,TU,BB,2,3100.585175,92.36586419,18.95767733,NA
719,BL1402-15,B5,TU,BB,3,3038.924374,95.36586419,16.95767733,NA
720,BL1402-15,B5,TU,BB,4,3484.875579,96.36586419,18.95767733,NA
721,BL17220,B13,TU,BB,1,3365.479691,95.36586419,16.95767733,NA
722,BL17220,B13,TU,BB,2,3324.619588,93.36586419,16.95767733,NA
723,BL17220,B13,TU,BB,3,3455.449324,91.36586419,20.95767733,NA
724,BL17220,B13,TU,BB,4,3805.063022,97.36586419,18.95767733,NA
725,BL1726-2,B14,TU,BB,1,3235.201818,94.63413581,19.04232267,1
726,BL1726-2,B14,TU,BB,2,3592.221547,89.63413581,19.04232267,1
727,BL1726-2,B14,TU,BB,3,3336.839696,91.63413581,18.04232267,1
728,BL1726-2,B14,TU,BB,4,4188.074004,91.63413581,17.04232267,2
729,BL17922,B17,TU,BB,1,3610.625277,96.36586419,16.95767733,NA
730,BL17922,B17,TU,BB,2,3563.695486,95.36586419,16.95767733,NA
731,BL17922,B17,TU,BB,3,3129.179083,94.36586419,18.95767733,NA
732,BL17922,B17,TU,BB,4,3669.020292,96.36586419,16.95767733,NA
733,BL18201,B19,TU,BB,1,4230.171594,95.36586419,16.95767733,NA
734,BL18201,B19,TU,BB,2,3875.394978,90.36586419,18.95767733,NA
735,BL18201,B19,TU,BB,3,3264.159084,90.36586419,20.95767733,NA
736,BL18201,B19,TU,BB,4,3984.985572,96.36586419,18.95767733,NA
737,BL18204,B20,TU,BB,1,2476.388077,85.36586419,16.95767733,NA
738,BL18204,B20,TU,BB,2,3195.176955,90.36586419,16.95767733,NA
739,BL18204,B20,TU,BB,3,2617.021918,90.36586419,18.95767733,NA
740,BL18204,B20,TU,BB,4,3895.824061,93.36586419,18.95767733,NA
741,BL19309,B21,TU,BB,1,2916.817722,97.63413581,19.04232267,2
742,BL19309,B21,TU,BB,2,3244.973681,96.63413581,17.04232267,2
743,BL19309,B21,TU,BB,3,4168.44622,92.63413581,23.04232267,2
744,BL19309,B21,TU,BB,4,3942.474524,94.63413581,19.04232267,2
745,BL19330,B22,TU,BB,1,3381.08372,90.5,18,2
746,BL19330,B22,TU,BB,2,3446.519901,91,18,2
747,BL19330,B22,TU,BB,3,4179.984759,92.5,19,1
748,BL19330,B22,TU,BB,4,3821.763348,94.5,18,2
749,BL19344,B23,TU,BB,1,3297.424174,91.5,21,2
750,BL19344,B23,TU,BB,2,2949.431697,94,18.5,2
751,BL19344,B23,TU,BB,3,3994.9536,97,19.5,2
752,BL19344,B23,TU,BB,4,3886.958847,93,20,1
753,BL20547,B25,TU,BB,1,3642.909144,91.63413581,23.04232267,1
754,BL20547,B25,TU,BB,2,3391.625171,91.63413581,19.04232267,1
755,BL20547,B25,TU,BB,3,4072.555878,95.63413581,23.04232267,1
756,BL20547,B25,TU,BB,4,2755.718585,91.63413581,19.04232267,2
757,BL20591,B26,TU,BB,1,3905.698697,92.63413581,21.04232267,2
758,BL20591,B26,TU,BB,2,3473.69831,90.63413581,21.04232267,1
759,BL20591,B26,TU,BB,3,4225.879554,95.63413581,21.04232267,2
760,BL20591,B26,TU,BB,4,3703.431648,91.63413581,20.04232267,2
761,BL20597,B27,TU,BB,1,3153.454408,93.63413581,20.04232267,1
762,BL20597,B27,TU,BB,2,3671.678348,93.63413581,19.04232267,2
763,BL20597,B27,TU,BB,3,3094.423952,95.63413581,25.04232267,2
764,BL20597,B27,TU,BB,4,3138.554944,88.63413581,15.04232267,1
765,BL3036368,B34,TU,BB,1,1793.490512,94.36586419,16.95767733,NA
766,BL3036368,B34,TU,BB,2,3001.449183,88.36586419,16.95767733,NA
767,BL3036368,B34,TU,BB,3,3166.640112,92.36586419,16.95767733,NA
768,BL3036368,B34,TU,BB,4,4069.569541,95.36586419,20.95767733,NA
769,BL3036381,B35,TU,BB,1,2555.621621,99,19,4
770,BL3036381,B35,TU,BB,2,3559.606404,93.5,20.5,2
771,BL3036381,B35,TU,BB,3,2793.484913,94,20,2
772,BL3036381,B35,TU,BB,4,3257.808923,96,20,2
773,BLACKBEAR,B39,TU,BB,1,3251.636364,98.5,17.5,2
774,BLACKBEAR,B39,TU,BB,2,3682.451195,97,16.5,2
775,BLACKBEAR,B39,TU,BB,3,3420.457562,98,17,2
776,BLACKBEAR,B39,TU,BB,4,3041.462173,97.5,18,3
777,BLACKBEARD,B40,TU,BB,1,3637.584366,93.5,23.5,2.5
778,BLACKBEARD,B40,TU,BB,2,3311.947382,96.5,23,2
779,BLACKBEARD,B40,TU,BB,3,4060.416883,95,20,1
780,BLACKBEARD,B40,TU,BB,4,3175.950948,95.5,21,2
781,BLACKTAILS,B42,TU,BB,1,2921.63678,92.5,19.5,2.5
782,BLACKTAILS,B42,TU,BB,2,3081.580381,89.5,20,2.5
783,BLACKTAILS,B42,TU,BB,3,3446.426274,97.5,19.5,2.5
784,BLACKTAILS,B42,TU,BB,4,3810.513808,93.5,20.5,1
785,ECLIPSE,B43,TU,BB,1,3406.927737,92,19,2.5
786,ECLIPSE,B43,TU,BB,2,3392.359598,90.5,17,2
787,ECLIPSE,B43,TU,BB,3,2941.771316,90.5,18,2
788,ECLIPSE,B43,TU,BB,4,3071.874287,91,17.5,1
789,NDTWILIGHT,B45,TU,BB,1,3439.65163,90,18,4
790,NDTWILIGHT,B45,TU,BB,2,3190.628856,89.5,14,3
791,NDTWILIGHT,B45,TU,BB,3,2890.04005,93,18.5,2
792,NDTWILIGHT,B45,TU,BB,4,3146.184275,89.5,18.5,4
793,NIMBUS,B46,TU,BB,1,3851.257086,96.5,20,2
794,NIMBUS,B46,TU,BB,2,3276.582517,97,20.5,2
795,NIMBUS,B46,TU,BB,3,4055.476045,96,18.5,2
796,NIMBUS,B46,TU,BB,4,3939.144974,94,20,1
797,PVT14531,B57,TU,BB,1,1707.449904,99.63413581,20.04232267,2
798,PVT14531,B57,TU,BB,2,3340.044447,95.63413581,20.04232267,2
799,PVT14531,B57,TU,BB,3,3015.408461,91.63413581,20.04232267,NA
800,PVT14531,B57,TU,BB,4,3404.769903,95.63413581,20.04232267,2
801,PVT15610,B58,TU,BB,1,3449.586925,100,20.5,2
802,PVT15610,B58,TU,BB,2,3575.186836,96.5,19.5,2
803,PVT15610,B58,TU,BB,3,3228.32884,92.5,14,3
804,PVT15610,B58,TU,BB,4,3706.678834,96.5,16.5,2
805,PVT15619,B59,TU,BB,1,3471.210312,100.5,19,2.5
806,PVT15619,B59,TU,BB,2,3446.796145,94.5,20.5,2.5
807,PVT15619,B59,TU,BB,3,3209.329439,95.5,21,2
808,PVT15619,B59,TU,BB,4,3869.225484,97,16,2
809,PVT15629,B60,TU,BB,1,3510.327034,98.63413581,17.04232267,2
810,PVT15629,B60,TU,BB,2,2562.803104,92.63413581,17.04232267,2
811,PVT15629,B60,TU,BB,3,3387.453742,95.63413581,17.04232267,2
812,PVT15629,B60,TU,BB,4,3633.767724,94.63413581,17.04232267,2
813,PVT16590,B61,TU,BB,1,3387.696309,101.5,20.5,2
814,PVT16590,B61,TU,BB,2,3385.795939,96.5,19.5,2
815,PVT16590,B61,TU,BB,3,3914.434491,95.5,20,2.5
816,PVT16590,B61,TU,BB,4,3729.900084,97,19,2
817,PVT16648,B63,TU,BB,1,3916.303738,101,19.5,2.5
818,PVT16648,B63,TU,BB,2,3530.822208,97,20,2
819,PVT16648,B63,TU,BB,3,3730.191438,94.5,19,1
820,PVT16648,B63,TU,BB,4,2755.628541,96,20,2
821,PVT17704,B64,TU,BB,1,2331.92101,95.36586419,20.95767733,NA
822,PVT17704,B64,TU,BB,2,3491.103582,92.36586419,22.95767733,NA
823,PVT17704,B64,TU,BB,3,3185.645643,99.36586419,20.95767733,NA
824,PVT17704,B64,TU,BB,4,3625.773725,99.36586419,22.95767733,NA
825,PVT17708,B65,TU,BB,1,2224.5088,89.36586419,16.95767733,NA
826,PVT17708,B65,TU,BB,2,3249.235577,93.36586419,20.95767733,NA
827,PVT17708,B65,TU,BB,3,3073.327243,91.36586419,20.95767733,NA
828,PVT17708,B65,TU,BB,4,4343.875557,96.36586419,20.95767733,NA
829,PVT17715,B66,TU,BB,1,3586.189988,93,18,2
830,PVT17715,B66,TU,BB,2,3230.92328,91,16,1
831,PVT17715,B66,TU,BB,3,3236.781124,93.5,18.5,2
832,PVT17715,B66,TU,BB,4,3392.13469,94,20,2
833,PVT17724,B67,TU,BB,1,2856.90712,87.36586419,20.95767733,NA
834,PVT17724,B67,TU,BB,2,3718.133936,93.36586419,18.95767733,NA
835,PVT17724,B67,TU,BB,3,3221.108344,90.36586419,20.95767733,NA
836,PVT17724,B67,TU,BB,4,3565.160848,93.36586419,18.95767733,NA
837,PVT17751,B68,TU,BB,1,3562.647936,94,19,1
838,PVT17751,B68,TU,BB,2,3381.595807,90,19,1
839,PVT17751,B68,TU,BB,3,4176.85869,96.5,18,2.5
840,PVT17751,B68,TU,BB,4,3366.28812,94,17.5,1
841,SPECTRE,B70,TU,BB,1,3821.373514,96,21,2
842,SPECTRE,B70,TU,BB,2,3508.047349,97,22,2.5
843,SPECTRE,B70,TU,BB,3,3719.264802,95.5,19.5,2
844,SPECTRE,B70,TU,BB,4,3402.454748,97,22,2
845,ZENITH,B71,TU,BB,1,3375.37196,95,20,2.5
846,ZENITH,B71,TU,BB,2,3145.304419,95,18,2
847,ZENITH,B71,TU,BB,3,3097.746838,96.5,18,2.5
848,ZENITH,B71,TU,BB,4,2878.167351,93.5,20,1
849,ZORRO,B72,TU,BB,1,2740.958196,94,19,2
850,ZORRO,B72,TU,BB,2,2462.788234,95,19,1
851,ZORRO,B72,TU,BB,3,3228.716416,95,20.5,1
852,ZORRO,B72,TU,BB,4,3270.355423,94.5,18,1
853,APEX,N3,TU,NB,1,3337.846851,98.5,19,2
854,APEX,N3,TU,NB,2,3690.529015,98,20,2.5
855,APEX,N3,TU,NB,3,2985.895358,93,20,2.5
856,APEX,N3,TU,NB,4,3398.157302,95.5,19,2
857,ARGOSY,N4,TU,NB,1,2959.26594,95,18,2
858,ARGOSY,N4,TU,NB,2,3495.384619,96.5,20,2
859,ARGOSY,N4,TU,NB,3,3210.291559,96,18.5,2
860,ARGOSY,N4,TU,NB,4,3161.615062,96.5,17,3
861,ARMADA,N5,TU,NB,1,3243.437713,94.5,21,2
862,ARMADA,N5,TU,NB,2,3164.410186,95,19,2
863,ARMADA,N5,TU,NB,3,3316.003532,94.5,21,2
864,ARMADA,N5,TU,NB,4,3279.96546,93.5,20,2.5
865,BLIZZARD,N6,TU,NB,1,2884.349447,95,20,2
866,BLIZZARD,N6,TU,NB,2,3079.617019,93,21.5,1
867,BLIZZARD,N6,TU,NB,3,3319.078388,92.5,20.5,2
868,BLIZZARD,N6,TU,NB,4,3235.785408,92,21,1
869,BOUNTY,N7,TU,NB,1,3391.253272,95.5,20,1
870,BOUNTY,N7,TU,NB,2,3180.210055,95.5,21,1
871,BOUNTY,N7,TU,NB,3,3470.624355,94.5,21,1
872,BOUNTY,N7,TU,NB,4,3360.541313,94.5,18.5,2
873,EX1702,N10,TU,NB,1,3082.493836,96.57727299,18.58223278,NA
874,EX1702,N10,TU,NB,2,3489.621991,91.57727299,18.58223278,NA
875,EX1702,N10,TU,NB,3,2660.289865,90.57727299,18.58223278,NA
876,EX1702,N10,TU,NB,4,3047.146115,91.57727299,18.58223278,NA
877,EX1708,N12,TU,NB,1,2338.80658,96.57727299,20.58223278,NA
878,EX1708,N12,TU,NB,2,2575.781797,93.57727299,20.58223278,NA
879,EX1708,N12,TU,NB,3,2275.066299,93.57727299,18.58223278,NA
880,EX1708,N12,TU,NB,4,2969.173491,93.57727299,18.58223278,NA
881,EX1711,N13,TU,NB,1,2658.137576,93.57727299,18.58223278,NA
882,EX1711,N13,TU,NB,2,3130.095694,89.57727299,20.58223278,NA
883,EX1711,N13,TU,NB,3,2451.030342,89.57727299,18.58223278,NA
884,EX1711,N13,TU,NB,4,2943.131758,93.57727299,20.58223278,NA
885,EX1801,N14,TU,NB,1,2961.243332,93.57727299,20.58223278,NA
886,EX1801,N14,TU,NB,2,2976.256144,89.57727299,16.58223278,NA
887,EX1801,N14,TU,NB,3,2495.182593,91.57727299,20.58223278,NA
888,EX1801,N14,TU,NB,4,2836.645605,88.57727299,20.58223278,NA
889,EX1802,N15,TU,NB,1,2241.574578,92.5,16,1
890,EX1802,N15,TU,NB,2,2448.427404,91,17,1
891,EX1802,N15,TU,NB,3,2418.520164,89.5,18,1
892,EX1802,N15,TU,NB,4,2578.733225,89,18,1
893,EX1803,N16,TU,NB,1,2297.524195,95.5,17,1
894,EX1803,N16,TU,NB,2,2526.696673,92,19.5,1
895,EX1803,N16,TU,NB,3,2526.81943,92,18,1
896,EX1803,N16,TU,NB,4,2134.724975,90.5,20,1
897,EX1804,N17,TU,NB,1,3021.495585,92.5,19,1
898,EX1804,N17,TU,NB,2,3324.54192,90.5,18.5,1
899,EX1804,N17,TU,NB,3,2644.300716,89.5,20.5,1
900,EX1804,N17,TU,NB,4,2984.519733,89.5,19.5,2
901,EX1914,N18,TU,NB,1,2931.398614,95.57727299,16.58223278,NA
902,EX1914,N18,TU,NB,2,2955.846205,92.57727299,16.58223278,NA
903,EX1914,N18,TU,NB,3,2690.435634,92.57727299,18.58223278,NA
904,EX1914,N18,TU,NB,4,3158.536142,90.57727299,18.58223278,NA
905,INDI,N21,TU,NB,1,3196.311762,90.57727299,18.58223278,NA
906,INDI,N21,TU,NB,2,3251.629401,90.57727299,20.58223278,NA
907,INDI,N21,TU,NB,3,2618.659579,85.57727299,20.58223278,NA
908,INDI,N21,TU,NB,4,3104.765783,88.57727299,20.58223278,NA
909,LIBERTY,N22,TU,NB,1,3553.344658,96,19,2.5
910,LIBERTY,N22,TU,NB,2,4248.39649,92.5,19,2
911,LIBERTY,N22,TU,NB,3,3553.981427,92,18,2
912,LIBERTY,N22,TU,NB,4,2850.705558,94,18,2
913,MEDALIST,N23,TU,NB,1,3168.730668,96.5,20,2
914,MEDALIST,N23,TU,NB,2,3177.836068,95,19,2
915,MEDALIST,N23,TU,NB,3,3266.126518,95.5,18.5,2
916,MEDALIST,N23,TU,NB,4,3516.735286,91.5,19.5,1
917,MERLIN,N24,TU,NB,1,2586.45817,96,21,2.5
918,MERLIN,N24,TU,NB,2,2509.392551,97,20,2
919,MERLIN,N24,TU,NB,3,3098.888779,97,20,2
920,MERLIN,N24,TU,NB,4,2660.94712,95.5,20,2
921,NA18103,N33,TU,NB,1,2241.288053,90.5,18,2
922,NA18103,N33,TU,NB,2,3564.733021,91.5,19,2.5
923,NA18103,N33,TU,NB,3,3399.339464,90.5,18.5,2.5
924,NA18103,N33,TU,NB,4,2953.648341,90.5,21,1
925,NA19226,N35,TU,NB,1,3521.718279,90.42272701,19.41776722,2.5
926,NA19226,N35,TU,NB,2,2797.612752,91.42272701,21.41776722,2
927,NA19226,N35,TU,NB,3,3518.114248,91.42272701,23.41776722,2
928,NA19226,N35,TU,NB,4,3176.057027,90.42272701,19.41776722,2.5
929,NA19246,N36,TU,NB,1,3399.548982,91.42272701,21.41776722,2.5
930,NA19246,N36,TU,NB,2,3778.234926,96.42272701,16.41776722,2
931,NA19246,N36,TU,NB,3,3958.247346,91.42272701,18.41776722,2.5
932,NA19246,N36,TU,NB,4,3833.419682,90.42272701,18.41776722,2.5
933,NA19253,N37,TU,NB,1,3085.148254,92,18.5,2.5
934,NA19253,N37,TU,NB,2,3751.035375,94,24,1
935,NA19253,N37,TU,NB,3,3480.39982,93.5,22.5,2
936,NA19253,N37,TU,NB,4,2853.041868,91,19.5,1
937,NA19285,N38,TU,NB,1,3039.33245,95,19,4
938,NA19285,N38,TU,NB,2,3106.230485,96,18,3
939,NA19285,N38,TU,NB,3,3439.179659,91,19,3
940,NA19285,N38,TU,NB,4,2405.290635,94.5,19,3
941,NA20388,N39,TU,NB,1,3976.19395,93.42272701,20.41776722,1
942,NA20388,N39,TU,NB,2,3131.589799,95.42272701,20.41776722,2
943,NA20388,N39,TU,NB,3,3199.824719,95.42272701,19.41776722,1
944,NA20388,N39,TU,NB,4,3359.820581,91.42272701,17.41776722,2
945,NA20404,N41,TU,NB,1,3711.208355,93.42272701,17.41776722,1
946,NA20404,N41,TU,NB,2,3469.149861,91.42272701,19.41776722,1
947,NA20404,N41,TU,NB,3,3373.164953,94.42272701,22.41776722,1
948,NA20404,N41,TU,NB,4,2956.999187,91.42272701,17.41776722,1
949,NAUTICA,N44,TU,NB,1,2715.088747,96,20,2
950,NAUTICA,N44,TU,NB,2,2885.44137,93,18,2
951,NAUTICA,N44,TU,NB,3,3052.052054,95,17.5,2
952,NAUTICA,N44,TU,NB,4,3329.932429,93,19.5,2.5
953,PVT12039,N47,TU,NB,1,3713.277364,97,20,2.5
954,PVT12039,N47,TU,NB,2,3411.698076,94,18.5,2
955,PVT12039,N47,TU,NB,3,3644.983029,96.5,18,2
956,PVT12039,N47,TU,NB,4,3849.868928,94.5,21,2.5
957,PVT14068,N54,TU,NB,1,3431.763375,99,19,3
958,PVT14068,N54,TU,NB,2,3667.685498,97,21.5,2
959,PVT14068,N54,TU,NB,3,3145.530846,95,22,2
960,PVT14068,N54,TU,NB,4,3768.260829,95,23,2.5
961,PVT14078,N57,TU,NB,1,3052.91684,95.42272701,21.41776722,2
962,PVT14078,N57,TU,NB,2,3586.264112,95.42272701,21.41776722,2
963,PVT14078,N57,TU,NB,3,3028.715132,91.42272701,19.41776722,2
964,PVT14078,N57,TU,NB,4,2584.262743,93.42272701,19.41776722,2
965,PVT14080,N58,TU,NB,1,3162.19649,98.57727299,16.58223278,NA
966,PVT14080,N58,TU,NB,2,3399.208951,96.57727299,18.58223278,NA
967,PVT14080,N58,TU,NB,3,2400.674249,91.57727299,20.58223278,NA
968,PVT14080,N58,TU,NB,4,3189.99118,93.57727299,20.58223278,NA
969,PVT14084,N60,TU,NB,1,3099.22065,94,20.5,2
970,PVT14084,N60,TU,NB,2,3548.487268,94,21,2.5
971,PVT14084,N60,TU,NB,3,3095.199682,92,21,2
972,PVT14084,N60,TU,NB,4,3218.043038,91,18.5,2
973,PVT14089,N61,TU,NB,1,3395.998103,95.57727299,18.58223278,NA
974,PVT14089,N61,TU,NB,2,2772.935833,95.57727299,16.58223278,NA
975,PVT14089,N61,TU,NB,3,3099.911939,91.57727299,20.58223278,NA
976,PVT14089,N61,TU,NB,4,2903.854884,93.57727299,18.58223278,NA
977,ROGUE,N64,TU,NB,1,3485.719998,96.42272701,19.41776722,3
978,ROGUE,N64,TU,NB,2,3763.98692,93.42272701,18.41776722,3
979,ROGUE,N64,TU,NB,3,3392.698171,91.42272701,17.41776722,3
980,ROGUE,N64,TU,NB,4,3732.822034,92.42272701,19.41776722,3
981,SHOCK,N65,TU,NB,1,3391.531803,95,19.5,2.5
982,SHOCK,N65,TU,NB,2,2571.611642,97,17,2
983,SHOCK,N65,TU,NB,3,2994.056248,97,19.5,2
984,SHOCK,N65,TU,NB,4,2951.877488,92,20,2.5
985,SV1893GH,N66,TU,NB,1,3688.122181,95.5,21,2.5
986,SV1893GH,N66,TU,NB,2,3249.879869,96,20.5,2
987,SV1893GH,N66,TU,NB,3,3136.64827,94.5,19.5,1
988,SV1893GH,N66,TU,NB,4,3273.814327,93,17,2.5
989,VALIANT,N68,TU,NB,1,2940.714007,92,18.5,2.5
990,VALIANT,N68,TU,NB,2,3633.096311,93.5,18.5,1
991,VALIANT,N68,TU,NB,3,2600.10883,94.5,19,2
992,VALIANT,N68,TU,NB,4,2825.261647,91,18.5,2
993,VICTORY,N69,TU,NB,1,3691.659271,94,20.5,3
994,VICTORY,N69,TU,NB,2,3850.670959,94,19,2.5
995,VICTORY,N69,TU,NB,3,3352.92076,92.5,20.5,2
996,VICTORY,N69,TU,NB,4,2990.607464,91,21,2.5
997,VIGILANT,N70,TU,NB,1,3354.010828,92.5,21,2
998,VIGILANT,N70,TU,NB,2,3233.317982,90.5,23,1
999,VIGILANT,N70,TU,NB,3,2961.703891,92,23,2.5
1000,VIGILANT,N70,TU,NB,4,2776.912504,90.5,20.5,2
1001,CALDERA,R1,TU,SR,1,3554.996304,96.25460625,24.41187313,NA
1002,CALDERA,R1,TU,SR,2,4032.001288,96.25460625,22.41187313,NA
1003,CALDERA,R1,TU,SR,3,3806.102443,93.25460625,22.41187313,NA
1004,CALDERA,R1,TU,SR,4,3296.339271,92.25460625,22.41187313,NA
1005,CAYENNE,R2,TU,SR,1,3498.21423,93,18.5,2.5
1006,CAYENNE,R2,TU,SR,2,3568.623979,94,19,3
1007,CAYENNE,R2,TU,SR,3,3969.136031,94.5,21.5,3
1008,CAYENNE,R2,TU,SR,4,3480.834984,92,22,2.5
1009,PVT16686,R5,TU,SR,1,4062.868039,94,23.5,3
1010,PVT16686,R5,TU,SR,2,3794.421056,93,19,2
1011,PVT16686,R5,TU,SR,3,3887.496076,94,18.5,3
1012,PVT16686,R5,TU,SR,4,3736.915358,90.5,22,2
1013,PVT17835,R7,TU,SR,1,2797.43921,95.25460625,20.41187313,NA
1014,PVT17835,R7,TU,SR,2,3416.554923,95.25460625,18.41187313,NA
1015,PVT17835,R7,TU,SR,3,2717.778104,96.25460625,22.41187313,NA
1016,PVT17835,R7,TU,SR,4,2646.065601,95.25460625,18.41187313,NA
1017,PVT17837,R8,TU,SR,1,3562.915982,94.5,20.5,2
1018,PVT17837,R8,TU,SR,2,4066.332978,93,22,2
1019,PVT17837,R8,TU,SR,3,3582.273734,96,17,2
1020,PVT17837,R8,TU,SR,4,3710.12221,96,19,2.5
1021,PVT17839,R9,TU,SR,1,3208.990693,97,21.5,3
1022,PVT17839,R9,TU,SR,2,3649.689449,93.5,19.5,2
1023,PVT17839,R9,TU,SR,3,3363.096512,94.5,21,2
1024,PVT17839,R9,TU,SR,4,2412.947171,94.5,16,3
1025,PVT17875,R10,TU,SR,1,4876.337689,93.74539375,20.58812687,3
1026,PVT17875,R10,TU,SR,2,2785.894606,89.74539375,17.58812687,2
1027,PVT17875,R10,TU,SR,3,3491.013299,91.74539375,14.58812687,4
1028,PVT17875,R10,TU,SR,4,3638.820602,88.74539375,18.58812687,3
1029,ROSETTA,R15,TU,SR,1,2713.633819,93.74539375,17.58812687,1
1030,ROSETTA,R15,TU,SR,2,3320.376329,93.74539375,16.58812687,2
1031,ROSETTA,R15,TU,SR,3,3238.390828,93.74539375,19.58812687,2.5
1032,ROSETTA,R15,TU,SR,4,3858.72828,95.74539375,21.58812687,2
1033,RUBY,R16,TU,SR,1,2942.285927,93.5,16.5,1
1034,RUBY,R16,TU,SR,2,3389.750813,94,18,3
1035,RUBY,R16,TU,SR,3,3432.925817,94.5,17,4
1036,RUBY,R16,TU,SR,4,3110.834265,92.5,21,4.5
1037,SR17604,R19,TU,SR,1,3232.933217,92.5,20.5,2
1038,SR17604,R19,TU,SR,2,3673.141901,96,20.5,2
1039,SR17604,R19,TU,SR,3,3820.135473,93.5,21,2.5
1040,SR17604,R19,TU,SR,4,3803.7352,92.5,23,2.5
1041,CORAL,R3,TU,SR,1,2699.977053,93,18.5,1
1042,CORAL,R3,TU,SR,2,3345.639784,94,20.5,2
1043,CORAL,R3,TU,SR,3,3121.504159,91.5,19,2.5
1044,CORAL,R3,TU,SR,4,3202.074907,94.5,16,2
1045,SR20627,R12,TU,SR,1,3439.516634,91.74539375,20.58812687,2
1046,SR20627,R12,TU,SR,2,3998.855948,93.74539375,20.58812687,2
1047,SR20627,R12,TU,SR,3,3781.636899,93.74539375,19.58812687,1
1048,SR20627,R12,TU,SR,4,4216.852544,91.74539375,23.58812687,1
1049,SR20667,R13,TU,SR,1,2392.435286,90.74539375,18.58812687,1
1050,SR20667,R13,TU,SR,2,2671.721424,91.74539375,19.58812687,1
1051,SR20667,R13,TU,SR,3,4763.341334,93.74539375,23.58812687,2.5
1052,SR20667,R13,TU,SR,4,4119.354573,91.74539375,21.58812687,2
1053,VIPER,R21,TU,SR,1,3678.831933,96,18,1
1054,VIPER,R21,TU,SR,2,3725.2636,93.4419405,16.5,1
1055,VIPER,R21,TU,SR,3,4115.71078,96,19,3
1056,VIPER,R21,TU,SR,4,4057.885865,97,20.5,2
